cityid,total
1,21714
2,21093
3,23279
4,19698
5,32234
6,61845
7,21054
8,61705
9,19875
10,62577
11,97687
12,51408
13,76243
14,42098
15,26960
16,45977
17,56473
18,16911
19,126370
20,7335
21,29227
22,148000
23,19054
24,36430
25,96540
26,58030
27,210000
28,69596
29,244277
30,17662
31,149837
32,59442
33,131360
34,103314
35,41112
36,15774
37,5318
38,17555
39,15119
40,7909
60,80568
41,8780
42,2371
43,30917
44,34657
45,18590
46,11465
47,33563
48,58223
49,40285
3063,10
50,286787
51,70402
52,66158
53,94336
54,75527
55,154803
56,98864
57,34834
58,129702
59,27900
61,52960
62,5200
63,71379
64,91039
65,87881
66,32250
67,114034
68,29062
69,13000
70,3400
71,21704
72,45024
73,12764
74,30745
75,11082
76,34700
77,30354
78,14512
79,6921
80,48000
81,31486
82,42670
83,5200
84,14100
85,47100
86,8400
87,62023
88,61898
89,70541
90,34174
91,39640
92,65206
93,56647
94,16400
95,12900
96,15000
97,48024
98,46240
99,97179
100,78988
101,49346
102,88435
103,69067
157,21590
104,52693
105,122225
106,11315
107,31270
108,15501
109,7475
110,28045
111,15438
112,70572
113,16572
114,5681
115,33863
116,14177
117,21979
118,8678
119,23435
120,36477
121,27582
122,17016
123,35212
124,66085
231,26450
125,81318
126,67802
127,63232
128,112490
129,107558
130,60677
131,40005
132,102688
133,213569
134,69225
135,15000
136,9109
137,9676
138,24561
139,31219
140,43522
141,34544
142,14030
143,58787
144,35760
145,50656
146,53399
147,13738
148,15469
149,21309
150,20046
151,117927
152,33521
153,63498
154,35065
155,21643
156,49741
158,55102
159,51584
160,39328
161,96816
162,5750
163,6152
164,110537
165,2748
166,20316
167,33928
168,54162
169,45112
170,15555
171,52423
172,28756
173,55620
174,15581
175,29385
176,34375
177,33479
243,6792
178,32111
179,26364
180,17001
181,24243
182,7500
183,62237
184,141674
185,122378
186,111805
187,46485
307,15608
188,134520
189,30916
190,5571
191,1965
192,113659
193,29479
194,38914
195,23296
196,9073
197,63367
198,19014
199,92294
200,15000
201,15000
202,33061
203,17491
204,3958
205,11204
206,9383
207,5646
208,40266
209,5806
210,18847
211,23254
212,25573
213,1639
214,12652
215,1490
216,447
217,108420
218,45661
219,47832
220,264662
221,495756
222,215038
223,154942
224,19463
225,24235
226,17738
227,11547
228,6898
229,4562
230,16321
232,23651
233,2572
234,32827
235,12832
236,14853
237,9410
238,14891
239,21835
240,5649
241,4860
242,10490
244,1311
245,14430
246,9898
247,2733
248,26594
249,4089
250,33945
251,11415
252,2578
253,69060
254,50762
255,57118
256,25429
257,50350
258,34062
259,6242
260,3958
261,63869
262,15448
263,481654
264,51084
265,5115
266,24992
267,24130
268,47675
269,16330
270,8809
271,34102
272,48411
273,124694
274,39613
275,26807
276,16152
277,37326
278,51910
279,29271
280,6289
281,47115
282,4229
283,7779
284,25261
2585,8602
285,14400
286,13671
287,7906
288,96494
289,11536
290,16380
291,48297
292,41641
293,8462
294,8655
295,37112
296,182900
297,167029
298,285097
299,143970
300,12043
301,22193
302,11805
303,164212
304,1192
305,19308
306,1418
5644,10
308,18305
309,10445
310,1580
311,21774
312,11379
313,16483
314,40000
315,36656
316,25088
317,82370
318,39368
319,45373
320,69734
321,147197
322,16484
323,41521
324,45834
325,36088
326,119897
327,16398
328,61834
329,45299
330,6567
331,35901
332,11072
333,59139
334,73269
335,66709
336,35999
337,15532
380,13990
338,33862
339,11432
340,154040
341,23547
342,123787
343,3584
344,14380
345,2751
346,18672
347,70299
348,24831
349,20309
350,19365
351,22760
352,47246
353,5258
354,45631
355,9000
356,63860
357,60000
381,7461
358,10682
359,47261
360,31133
361,46550
362,6347
363,3225
364,12994
365,5521
366,38992
367,6000
368,4297
369,13882
370,5937
371,51177
372,28313
373,7167
374,5479
375,25531
376,14223
377,20052
378,6349
379,2332
382,30311
383,12358
384,13204
385,221715
386,6062
387,13057
388,27504
389,60962
390,127867
391,39005
392,37654
7336,2928
393,23618
394,90088
395,21286
396,69748
397,41469
398,6495
399,7967
400,17832
401,15147
402,7890
403,35000
404,58259
405,46866
406,14046
407,11556
408,12691
409,11955
410,10686
411,23437
412,14848
413,15405
414,18695
415,10064
416,18779
417,91277
418,69222
419,14737
420,20562
421,21680
422,8657
423,7333
424,12626
425,0
426,11867
427,6876
428,8200
429,2997
430,15000
431,201546
432,49851
433,10000
434,13737
435,48400
436,64256
437,7407
438,17345
439,22305
440,24000
441,35008
442,33231
443,19951
444,74000
445,24380
446,29665
447,19975
448,7944
449,19205
450,23956
451,148000
452,86971
453,33910
454,144000
455,134500
456,125000
457,123590
458,100821
459,42211
460,47445
461,38285
462,26179
463,26928
464,13165
465,15000
488,37535
466,5000
467,17293
468,5000
469,6585
470,10705
471,20893
472,38458
473,12728
474,19443
475,19642
3669,5170
476,21506
477,6083
478,18632
479,10385
480,29048
481,45341
482,6691
483,22223
484,17590
485,30137
486,12703
487,22904
489,26884
490,3837
491,17489
492,23892
493,32052
494,17924
495,15173
496,12732
497,28023
498,9854
499,37806
500,3273
501,26013
502,50000
503,20000
504,160115
505,78739
506,18041
507,48947
508,35961
509,60100
510,165000
511,1156
512,15214
513,24599
514,26701
515,77192
516,76766
517,87739
518,35084
519,37821
520,37315
521,16794
522,7514
523,1783
524,13451
525,2105
526,3216
527,11468
528,2250
529,21696
530,29507
531,51073
532,130113
533,128332
534,7653
535,10
536,93357
537,14538
538,17129
539,255895
540,24881
541,21947
542,83000
543,61029
544,4664
545,19382
546,184997
547,94105
548,95195
549,5760
550,8388
551,370
552,620500
553,158508
554,133097
555,9352
556,96641
557,5277
558,96786
559,129153
560,147443
561,65586
562,19431
563,13451
564,8724
565,39700
566,58257
567,172065
568,201632
569,34665
570,451007
571,162511
572,122916
573,174003
574,32073
594,3976
575,2432
576,4776
577,53066
578,11450
579,3749
580,26669
581,15265
582,2438
583,39603
584,51878
585,84140
586,2622
587,2897
588,24005
589,45732
590,19064
591,18432
592,21203
593,8216
595,5278
596,4214
597,5079
598,7312
599,11645
600,1028
601,82331
602,16994
603,363361
604,9747
605,38397
606,762218
607,55443
608,298257
609,104291
610,548
611,26221
612,297554
613,42397
614,361807
615,133368
616,11272
617,431967
618,106143
619,1993
620,15523
621,6479
622,15521
623,42918
624,55532
625,6352
626,11578
627,13646
628,7309
629,4960
630,6742
631,6054
632,22886
633,81343
634,25288
635,10939
636,26284
637,42537
638,324222
639,88020
640,27495
641,51289
642,20639
643,4259
644,130695
645,18083
646,30156
647,45209
648,8269
649,24935
650,45964
651,24468
652,19894
653,45212
654,2311
655,56019
656,77065
657,270171
658,34985
659,108157
660,58554
661,75658
662,243291
663,86749
664,21122
665,45270
666,32263
667,20261
668,6430
669,1797
670,23987
671,11575
672,5662
673,15024
674,6764
675,55718
676,388768
677,76688
678,545108
679,28288
680,261406
681,142462
682,320956
683,121750
684,131964
685,61236
686,434782
687,174236
688,115083
689,287004
690,188982
691,45202
692,8183
693,61881
694,40807
695,68435
696,170870
697,60673
698,189375
699,248538
700,185548
701,56806
702,91888
703,45030
704,16095
705,33929
706,20160
707,19553
708,68853
709,45078
710,61360
711,17446
712,28887
713,79923
714,40864
715,23366
716,81059
753,159012
717,24193
718,32079
719,362947
720,38166
721,204372
722,212243
723,102056
724,244050
725,41016
726,65150
727,98104
728,34249
729,171791
730,78382
731,100295
732,31630
733,7844
734,20859
763,52792
735,57179
736,33907
737,257115
738,27050
739,32514
740,64039
741,33148
742,74451
743,42356
744,68071
745,50710
746,74866
747,164844
748,53846
749,42132
750,76159
751,256602
752,51148
754,69600
755,71296
756,10797
757,65477
758,136889
759,46750
760,2154
761,22503
762,54663
764,58776
765,58488
766,151205
767,41891
768,100671
769,24234
770,64815
771,62785
772,43792
773,209489
774,300981
775,500464
776,100118
777,303470
778,86274
779,130824
780,119188
811,382
781,166039
782,3639
783,7420
784,4935
785,20529
786,1782
787,6052
788,34638
789,62454
790,51559
791,14524
792,12011
793,6400
794,153070
795,49550
796,106688
797,135014
798,149826
799,439664
810,667
800,85590
801,31534
802,94529
803,115786
804,104107
805,104820
806,406912
807,191259
808,234837
809,35361
824,101
812,99
813,201
814,102
815,113
816,1710
817,230
818,75
819,352
820,755
821,100
822,190
823,83
825,151
826,832
827,1078
828,177
829,10
830,32
831,222
832,119
833,104
834,75
835,591
836,97
837,292
838,38975
839,100187
840,352918
841,293657
842,322093
843,107329
844,101838
845,134355
846,87620
847,77356
848,192419
849,53906
850,97673
851,571644
852,318883
853,337718
854,178903
944,2309
855,88409
856,54274
857,38531
858,952016
859,30229
860,1206
861,62650
862,40147
863,30700
864,55201
865,73524
866,153248
867,143134
868,188287
869,155118
870,74447
871,111635
872,155094
873,30465
874,31641
875,11787
876,75
877,352
878,303712
879,199110
880,832
881,59065
882,315450
883,384417
884,492121
885,295273
886,18691
887,83286
888,232611
889,69270
890,180940
891,67990
892,161089
893,168460
894,44489
895,271492
896,374746
897,577416
898,168544
899,187977
900,68437
901,10077
902,719421
903,240898
904,218128
905,695111
906,261545
907,148853
908,1081499
909,395993
910,257752
911,398611
912,397709
913,922800
914,72632
915,113023
916,120823
917,42385
918,94526
919,111871
920,122960
921,146589
922,63661
923,5032
924,104462
925,89382
926,159338
927,210222
928,153730
929,96866
930,130826
931,302622
945,9028
932,92637
933,42271
934,9048
935,38993
936,5985
937,3696
938,8118
939,27421
940,511
941,26302
942,8755
943,13098
946,44573
947,15532
948,25906
949,33345
950,30562
951,67510
952,972
953,2755
954,15643
955,-99
956,474
957,2135
958,7351
959,385532
960,23806
961,7882
962,14480
963,1185
964,69694
965,5504
966,598
967,251814
968,14297
969,102131
970,21572
971,35451
972,504326
973,21219
974,233876
975,22583
976,85060
977,594065
978,3611
979,303837
980,20158
981,2615
982,80784
983,60919
984,38219
985,122400
1046,72221
986,132058
987,314091
988,8712
989,594605
990,294682
991,233576
992,54373
993,55685
994,477396
995,361303
996,301506
997,235695
998,201781
999,353203
1000,87954
1001,68465
1002,14087
1003,44004
1004,14523
1005,66486
1006,247227
1007,1032324
1008,300424
1009,191209
1010,158555
1011,20580
1012,44024
1013,955
1014,157575
1015,68763
1177,7189
1016,194193
1017,6484
1018,7443
1019,143377
1020,43263
1021,59159
1022,86246
1023,132337
1024,134363
1025,297
1026,660
1027,10
1028,570
1029,42357
1030,46709
1031,64047
1032,18266
1033,27479
1034,180939
1035,43053
1240,8253
1036,33364
1037,59586
1038,91874
1039,62487
1040,126038
1041,62830
1042,50254
1043,36355
1044,115804
1045,130124
1047,107048
1048,130325
1049,106845
1050,254960
1051,159471
1052,69038
1053,82770
1054,59194
1093,60807
1055,74592
1056,73394
1057,9804
1058,41302
1059,272
1060,43164
1061,70518
1062,44635
1063,17001
1064,93364
1065,64995
1066,87793
1067,15481
1068,24161
1069,33562
1070,11562
1071,71556
1072,64878
1073,77916
1074,43664
1075,20571
1076,34819
1077,90279
1078,51877
1079,88656
1080,171589
1081,132067
1082,461086
1083,50339
1084,53362
1085,85384
1086,112632
1087,108048
1088,83109
1089,87164
1090,5870
1091,39816
1092,17639
1094,20087
1095,9857
1096,32863
1097,33865
1098,22560
1099,10561
1100,411
1101,20301
1102,56721
1103,40735
1116,18269
1104,25918
1105,10
1106,10
1107,298
1108,9690
1109,15986
1110,10
1111,12140
1112,32796
1113,7295
1114,10761
1115,37606
1117,35747
1118,102573
1119,10761
1120,313953
1121,7807
1122,14563
1123,750
1124,3836
1125,13402
1126,11872
1127,9094
1128,40167
1129,26123
1130,15331
1131,112234
1132,59234
1133,78300
1134,458997
1135,165412
1136,44912
1137,59574
1138,92617
1139,17078
1140,62255
1141,16662
1142,91867
1143,17586
1144,14168
1145,7667
1146,296837
1166,98071
1147,339554
1148,344799
1149,173819
1150,110642
1151,14638
1152,19798
1153,929682
1154,132866
1155,66998
1156,238341
1157,438667
1158,2654
1159,157829
1160,58314
1161,21181
1162,20577
1163,12924
1164,8116
1165,208689
1167,96038
1168,173894
1169,179237
1170,124332
1171,78302
1172,425717
1173,129544
1174,12169
1175,97397
1176,21971
1178,4196
1179,5360
1180,107
1181,23632
1182,701
1183,20996
1184,35459
1185,30883
1186,22148
1187,55865
1188,44176
1189,34994
1190,73619
1191,305334
1192,7786
1193,186827
1194,400629
1195,3839
1196,18056
1197,10
1198,8144
1199,49275
1200,24663
1201,2229
1202,175035
1203,59314
1204,32168
1205,179035
1206,164744
1207,99962
1208,67361
1209,471020
1329,24317
1210,110439
1211,843678
1212,63411
1213,88966
1214,167438
1215,107020
1216,128727
1217,233097
1218,368479
1219,415000
1377,20
1220,104942
1221,289201
1222,424787
1223,77491
1224,56578
1225,16981
1226,2000
1227,5122
1228,23933
1229,51982
1230,24617
1231,14294
1232,91848
1233,18025
1234,120072
1235,177802
1236,111770
1237,6777
1238,217619
1239,15365
3733,17457
1241,23688
1242,139724
1243,181722
1244,122344
1245,85110
1246,89949
1247,297532
1248,121831
1249,17059
1250,27082
1251,22035
1252,123170
1253,15589
1254,520704
1255,65781
1256,47225
1257,94912
1258,297628
1259,21675
1260,12164
1261,37676
1262,57445
1263,25431
1264,34973
1265,311740
1266,588462
1267,882381
1268,562998
1269,1157802
1270,330643
1271,284968
1272,242213
1273,163338
1274,49786
1275,239885
1276,189365
1277,51593
1436,171007
1278,156082
1279,51478
1280,309093
1281,174935
1282,97452
1283,99973
1284,274932
1285,79230
1286,97829
1287,31038
1288,10000
1289,109696
1290,851802
1291,653824
1292,92008
1293,509390
1294,71198
1295,6618
1296,152194
1297,126058
1298,303341
1299,254370
1300,456356
1301,391584
1302,417356
1303,191757
1304,303218
1305,881964
1306,270581
1307,962656
2754,201
1308,539715
1309,202348
1310,174581
1311,752872
1312,236199
1313,84796
1314,46704
1315,27227
1316,330000
1317,407849
1318,68514
1319,329862
1320,355553
1321,42849
1322,18831
1323,40128
1324,135128
1325,23776
1326,39954
1327,181402
1328,60955
1330,277672
1331,53206
1332,52680
1333,57457
1334,66427
1335,329172
1336,124437
1337,437803
1448,54300
1338,313791
1339,1372026
1466,18156
1340,337931
1341,558809
1342,579399
1343,302581
1344,69623
1345,59285
1346,12303
1347,42507
1348,22201
1468,64218
1349,132812
1350,138651
1351,2070
1352,2782
1353,173503
1354,197340
1355,250521
1356,317245
1357,423039
1358,190855
1359,146787
1360,60726
1361,27359
1362,1576614
1363,177684
1364,69033
1365,52999
1366,85384
1367,178330
1368,89268
1369,145309
1370,128663
1371,53480
1372,185866
1373,144193
1374,55609
1375,124193
1376,358
1378,11941
1379,2370
1380,10733
1381,5134
1382,243950
1383,49257
1384,399043
1385,25761
1386,73733
2786,871
1387,13323
1388,8654
1389,16818
1390,2293
1391,8520
1392,38385
1393,11308
1394,22843
1395,13060
1396,78595
1515,19935
1397,270521
1398,6529
1399,22353
1400,3494
1401,11603
1402,60746
1403,19569
1404,6934
1405,25185
1406,381
1407,75275
1408,24155
1409,320881
1410,97529
1411,66647
1412,56095
1413,48712
1414,181142
1415,26751
1416,196504
1417,20234
1418,71526
1419,19024
1420,124429
1421,125304
1422,172215
1423,132587
1424,251958
1425,192448
1426,338605
1427,122341
1428,176573
1429,355013
1430,577307
1431,98994
1432,331798
1433,16421
1434,221315
1435,200312
1437,158142
1438,553948
1439,126882
1440,164435
1441,131008
1442,161555
1443,306409
1444,330511
1445,198612
1446,242920
1447,349706
1449,32944
1450,42285
1451,284830
1452,59678
1453,96704
1454,30217
1455,30330
1467,21253
1456,22347
1457,41521
1458,58512
1459,6798
1460,203157
1461,45831
1462,10855
1463,21301
1464,25762
1465,75047
1469,16762
1470,37412
1471,60414
1472,102518
1473,70233
1474,47518
1475,25185
1476,27211
1477,101629
1505,49145
1478,125499
1479,43380
1480,68732
1481,76729
1482,85137
1483,102926
1484,46077
1485,26797
1486,21049
1487,63978
1488,79911
1489,22174
1490,242088
1491,85274
1492,87312
1493,466661
1494,18462
1495,21826
1496,21673
1497,47167
1498,41850
1499,28597
1500,61871
1501,30882
1502,109869
1503,27799
1504,65013
1506,85366
1507,28898
1508,29795
1509,91204
1510,135071
1511,472180
1512,123382
1513,44302
1514,102577
1516,41602
1517,38418
1518,53794
1519,33551
1520,46125
1521,286326
1522,81164
1523,42199
1524,128804
1535,32085
1525,79760
1526,32532
1527,31196
1528,57156
1529,40180
1530,27795
1531,33614
1532,148440
1533,56638
1534,30724
2809,68984
1536,24090
1537,11952
1538,110966
1539,41095
1540,9981
1541,85350
1542,29300
1543,30555
1544,43224
1545,27412
1546,174809
1547,166719
1548,844583
1549,842890
1550,993920
1551,184980
1552,133083
1553,22565
1586,1290
1554,8586
1555,22004
1556,9820
1557,523
1558,431
1559,2316
1560,10
1561,4226
1562,9303
1563,3427
1564,152
1565,15747
1566,10077
1567,5746
1568,5450
1569,2953
1570,11563
1571,200
1572,4816
1573,17990
1574,14772
1667,741
1575,51942
1576,654
1577,102
1578,3774
1579,394
1580,294
1581,175
1582,22625
1583,33831
1584,8732
1585,1417
1587,43990
1588,113585
1589,79752
1590,349476
1591,340900
1592,413057
1593,5203
1594,25172
1595,10
1596,263
1597,16403
1598,56806
1599,134550
1600,1475
1601,8808
1602,722
1603,335
1604,471
1605,106
1606,10476
1607,40067
1608,66694
1609,3961
1610,24313
1611,6367
1612,19884
1613,4331
1614,8632
1615,852
1616,3953
1617,817
1618,442
1619,4310
1620,197
1621,159335
1622,64053
1623,5300
1624,2519
1625,410
1626,1825
1627,1548
1628,4269
1629,61159
1630,93129
1631,66663
1632,99974
1633,2390
1634,47597
1635,20759
1636,12235
1637,227052
1638,1778
1639,2364
1640,36008
1641,234478
1642,2422
1643,27841
1644,18659
1645,53647
1646,25628
1647,93113
3734,30057
1648,23354
1649,36122
1650,18711
1651,55970
1652,117124
1653,77150
1654,26645
1655,48409
1656,19924
3735,27476
1657,43719
1658,18749
1659,26716
1660,21587
1661,7100
1662,34774
1663,20713
1664,18967
1665,17430
1666,38578
1668,5719
1669,2958
1670,9896
1671,43231
1672,30593
1673,76701
1674,29605
1675,1269
1676,60256
1677,2572
1678,587
1679,4480
1680,11369
1681,1093
1682,6020
1683,64811
1684,59997
1685,13376
1686,19828
1687,1599
1697,20033
1688,75958
1689,2921
1690,30051
1691,6453
1692,4277
1693,6143
1694,25834
1695,339945
1696,48275
1698,25913
1699,226852
1700,30283
1701,69649
1702,662373
1703,123985
1704,177710
1705,96994
1706,82722
1707,60781
1708,126386
1709,413569
1710,695323
1711,154730
1712,51698
1713,337747
1714,329530
2810,6945
1715,68666
1716,175219
1717,51799
1718,44795
1719,199722
1720,49485
1721,81936
1722,70709
1723,38460
3777,45645
1724,105238
1725,44061
1726,97562
1727,191084
1728,228878
1729,120889
1730,17365
1731,681214
1732,659554
1733,144662
1734,118134
1735,53066
1736,8506
1737,89509
1738,132957
1739,140278
1740,337915
1741,89295
1752,8447
1742,301700
1743,50014
1744,272155
1745,14389
1746,74441
1747,41029
1748,180144
1749,1006
1750,11749
1751,2190
1753,34776
1754,3225
1755,28069
1756,4723
1757,11616
1758,10
1759,4630
1760,9982
1761,2926
1762,953
1763,5267
1764,3000
1765,2685
1766,87347
1767,319090
1768,80625
1769,68287
1770,75488
1771,60622
1772,156515
1773,79216
1796,15114
1774,96055
1775,237000
1776,3026
1777,57216
1778,151388
1779,472803
1780,23779
1781,55817
1782,1486
1783,220396
1807,3687
1784,33017
1785,2475
1786,1655
1787,9652
1788,107450
1789,486
1790,35
1791,105688
1792,1001193
1793,443604
1794,134349
1795,47042
1797,17947
1798,41952
1799,53259
1800,132233
1801,5216
1802,7686
1803,8709
1804,29758
1805,102433
1806,156151
1808,34333
1809,85974
1810,8400
1811,39050
1812,3144
1813,15988
1814,14955
1815,12768
1816,10695
1817,95336
1818,32770
1819,2776
1820,42959
1821,83403
1822,3297
1823,34514
1824,39941
1825,86566
1826,51290
1827,37864
1828,24400
1829,82040
1830,291948
1831,37989
1832,9931
1833,2012
1834,1397
2159,96
1835,4452
1836,15401
1837,33307
1838,1069
1839,19052
1840,488507
1841,21119
1842,83496
1843,144618
1890,2861
1844,114700
1845,41662
1846,54759
1847,84355
1848,84325
1849,93872
1850,193455
1851,396475
2160,35
1852,269697
1853,1611304
1854,21827
1855,6247
1856,4249
1857,216461
1858,98093
1859,53006
1860,3743
1861,9440
1862,178819
1863,108244
1864,8567
1865,8702
1866,6273
1867,19128
1868,18464
1869,9316
1929,24562
1870,106898
1871,15073
1872,7998
1873,45083
1874,33478
1875,97676
1876,28376
1877,8117
1878,21627
1879,6820
1880,5260
1881,25455
1882,16669
1883,1438
1884,36690
1885,54866
1886,48067
1887,9773
1888,58664
1889,2533
1891,1812
1892,5309
1893,9175
1894,25372
1895,11176
1896,227774
1897,10240
1898,8458
1899,5838
1900,10350
1901,3195
1902,26107
1903,58322
1904,52169
1905,51472
1906,40826
1907,87987
1908,108268
1909,56760
1910,21385
1911,178283
1912,27691
1913,59834
1914,82092
1915,87090
1916,80285
1917,56855
1918,27327
1919,27797
1920,46877
1921,25238
1922,10955
1923,213140
1924,18575
1925,60291
1926,244754
1927,74879
1928,8003
1930,24710
1931,6222
1932,20172
1933,5687
1934,85796
1935,113525
1936,38996
1937,24843
1938,29160
1986,19553
1939,12340
1940,10844
1941,14495
1942,20314
1943,14973
1944,24854
1945,3084
1946,48196
1947,76675
1948,41643
1949,30691
1950,39683
1951,114574
1952,24561
1953,54972
1954,34445
1955,120464
1956,38466
1957,35804
1958,87298
1959,38696
1960,107456
1961,17487
1962,10716
1963,5153
1964,11748
1965,7434
1966,7991
1967,13552
1968,138953
1969,98142
1970,58432
1971,44232
1972,21095
1973,44937
1974,76935
1975,174000
1976,202313
2157,61
1977,707883
1978,415074
1979,232291
1980,153222
1981,35893
1982,61715
1983,100595
1984,39265
1985,23389
1987,98701
1988,117388
1989,141902
1990,132984
1991,144590
1992,47506
1993,44214
1994,95470
1995,1103782
1996,2134
1997,51651
1998,53420
1999,82280
2000,78018
2001,104933
2002,202225
2003,12159
2004,19259
2005,76646
2006,53499
2007,33928
2008,36540
2009,20491
2010,43978
2011,203257
2012,27012
2013,43476
2014,36717
2015,21941
2016,77165
2017,74968
2018,57386
2019,43420
2020,91793
2021,99843
2022,48116
2023,144539
2024,273950
2025,28473
2026,92410
2027,85782
2028,75388
2029,53674
2030,335737
2031,264793
2032,313065
2033,61349
2034,33812
2035,61152
2036,72652
2037,42923
2038,81661
2039,184041
2040,64898
2041,105775
2042,237492
2043,2110
2044,451155
2045,54135
2046,30472
2047,100237
2048,122115
2049,62638
2050,127273
2051,76848
2052,144670
2053,43176
2054,39418
2055,31277
2056,27474
2057,31981
2058,48080
2059,67858
2060,9633
2158,18
2061,105459
2062,19170
2063,40940
2064,43883
2065,66957
2066,27358
2067,116206
2068,20832
2069,58564
2070,280123
2071,104768
2072,92688
2073,81870
2074,30938
2075,117567
2076,37917
2077,46201
2078,128799
2079,45822
2080,114701
2081,64881
2082,138992
2083,99825
2084,14568
2085,53475
2086,2215
2087,12500
2088,361430
2089,174220
2090,184003
2091,110907
2092,35280
2093,34427
2094,49704
2095,142027
2096,6170
2097,1468
2098,4484
2099,46689
2100,9466
2101,189893
2102,128760
2103,70645
2104,206235
2105,361935
2106,67994
2107,12178
2108,28807
2109,9424
2110,14970
2111,23711
2112,10323
2113,152033
2114,539382
2115,92909
2116,119732
2172,78
2117,127597
2118,53879
2119,51907
2120,196026
2121,160457
2122,150251
2123,98227
2124,99726
2125,40187
2173,258
2126,16604
2127,119239
2128,3525
2129,107958
2130,37224
2131,58400
2132,127556
2133,115149
2134,42304
2135,80073
2976,2985
2136,164796
2137,104018
2138,132158
2139,139375
2140,175601
2141,439796
2142,53063
2143,69190
2144,275853
2145,65650
2146,49775
2147,114030
2148,17409
2149,102547
2150,125918
2151,44832
2152,163746
2153,65877
2154,1659
2155,254
2156,361
2161,374
2162,160
2163,68
2164,118
2165,292
2166,250
2167,501
2168,1002
2169,741
2170,254
2171,138
2174,99
2175,2874
2176,8521
2177,100
2178,1063
2179,109
2180,5022
2181,136
2182,14
2183,12772
2184,68236
2185,34884
2186,53068
2187,95932
2188,85771
2189,55433
2190,66704
2191,31075
2192,22282
2193,42805
2213,78870
2194,90588
2195,133972
2196,305883
2197,278579
2198,43122
2199,95894
2200,253261
2201,267251
2202,222720
2203,240222
2204,211980
2205,68851
2206,285695
2207,243574
2208,82840
2209,349627
2210,68992
2211,91129
2212,119110
2214,118011
2215,408931
2216,302218
2217,209497
2218,135850
2219,23702
2220,45233
2221,9971
2222,68747
2223,138399
2224,78289
2225,352501
2226,99325
2227,28463
2228,85093
2229,102659
2230,34278
2231,57758
2232,55293
2233,172277
2244,70761
2234,32205
2235,277798
2236,304630
2237,271250
2238,8925
2239,96975
2240,104736
2241,193997
2242,164514
2243,119768
2245,26038
2246,103729
2247,120849
2248,97942
2249,180110
2250,53577
2251,20088
2252,28255
2253,133722
2254,10276
2255,67472
2256,63699
2257,45172
2258,28648
2259,19233
2260,42131
2261,56179
2262,113789
2263,154412
2264,70769
2265,258550
2266,68549
2267,33963
2268,99722
2269,388920
2270,42856
2271,160491
2272,75926
2273,94205
2274,221341
2275,94951
3076,10
2276,21354
2277,37035
2278,47292
2279,55191
2280,17551
2281,54605
2282,29908
2283,84057
2284,67756
2285,239192
2286,51854
2287,102381
2288,115092
2289,130517
2290,305144
2291,53728
2292,44986
2293,165396
2294,248460
2295,193698
2325,5622
2296,135647
2297,40279
2298,76449
2299,184626
2300,72722
2301,57942
2302,229225
2303,248749
2304,254077
2326,51794
2305,70239
2306,252830
2307,101150
2308,123227
2309,187500
2310,280766
2311,236961
2312,35526
2313,20355
2314,15904
2315,7483
2316,156500
2317,30078
2318,14409
2319,165290
2320,69698
2321,814
2322,9541
2323,82455
2324,8337
3077,10
2327,42324
2328,45099
2329,7259
2330,10178
2331,3349
2332,7731
2333,10005
2334,9966
2335,8521
2336,23965
2337,34558
2378,36000
2338,80788
2339,1960
2340,13760
2341,8253
2342,17817
2343,76301
2344,13194
2345,52812
2346,23134
2347,3695
2348,10635
2349,7367
2350,4067
2351,4760
2352,35564
2353,64963
2354,87651
2355,1468
2356,11341
2357,3113
2358,1823
2359,2191
2360,5031
2361,56542
2362,166277
2363,223525
2364,87721
2365,115639
2366,123919
2377,54826
2367,270498
2368,7758
2369,112691
2370,6407
2371,1741
2372,44319
2373,140062
2374,120090
2375,35976
2376,3928
2379,5021
2380,122729
2381,125820
2382,57278
2383,186577
2384,39654
2385,151014
2386,279375
2387,348292
2388,92679
2389,108242
2390,128488
2391,297399
2392,82635
2393,12899
2394,18151
2395,151575
2396,207947
2397,31044
3078,10
2398,70571
2399,239436
2400,72786
2401,249834
2402,74667
2403,114424
2404,108266
2405,383558
2406,96489
2465,8074
2407,151564
2408,342791
2409,237700
2410,195497
2411,451690
2412,566297
2413,93638
2414,305564
2415,228954
2488,18325
2416,77701
2417,135953
2418,245802
2419,95198
2420,391804
2421,121717
2422,87854
2423,640587
2424,80541
2425,139012
2426,184196
2427,107982
2428,64359
2429,68244
2430,44909
2431,188595
2432,302142
2433,123921
2434,361258
2489,14550
2435,321005
2436,5827
2437,42957
2438,173681
2439,214814
2440,323676
2441,140141
2442,565650
2443,325610
2444,128574
2445,86563
2446,103620
2447,147191
2448,73320
2449,208555
2450,62793
2451,64480
2452,276338
2453,326262
2454,2236
2455,195660
2456,1038
2457,154700
2458,17541
2459,22434
2460,127414
2461,9556
2462,37421
2463,32786
2464,127384
2466,247084
2467,96850
2468,1137
2469,371
2470,171456
2471,132173
2472,88137
2473,35201
2474,210197
2475,176324
2476,217705
2477,92368
2478,27543
2479,77984
2480,76547
2481,73338
2482,1533
2483,14508
2484,1536
2485,16092
2486,35279
2487,93794
2490,21818
2491,85566
2492,10744
2493,65373
2494,16319
2495,31219
2496,232
2497,52500
2498,164268
2499,1957
2500,83700
2501,44600
2502,12471
2503,27930
2504,52558
2505,35823
2506,15553
2507,41610
2508,7995
2509,10094
2510,42018
2511,103290
2512,31550
2513,91674
2514,600
2515,8997
2516,310
2517,11534
2518,47750
2519,10836
2520,7301
2521,10421
2522,19117
2523,9768
2524,463873
2525,127138
2526,47000
2527,32270
2528,191227
2529,500318
2530,44533
2531,64116
2532,26764
2533,91165
2534,296345
2535,176360
2536,84624
2537,17344
2538,225209
2539,87613
2540,77000
2541,83623
2542,19900
2543,70593
2544,86685
2545,31117
2546,863
2547,13292
2548,29395
2549,13812
2550,14001
2551,56678
2552,19954
2553,301144
2554,71196
2555,101642
2556,82276
2557,309575
2558,113359
2559,134630
2560,148148
2561,169345
2562,293566
2563,230697
2564,185532
2565,14423
2566,7580
2567,15811
2568,60435
2569,114497
2570,53981
2571,18695
2572,20925
2573,111350
2574,12525
2575,16033
2576,5120
2577,9184
2578,12037
2579,49171
2580,13452
2581,36139
2582,46005
2583,27353
2584,15823
2586,23129
2587,3195
2588,10
2589,10
2590,10
2591,40
2592,17098
2593,15535
2594,6434
2595,138608
2596,10449
2597,10599
2598,11495
2599,21057
2600,22744
2601,18601
2602,6556
2603,2475
2604,1200
2605,5000
2606,13351
2607,6490
2608,3639
2609,29775
2610,28435
2611,66029
2612,11253
2613,2789
2614,2809
2615,5306
2616,97314
2617,132705
2618,106515
2619,6592
2620,11137
2621,49857
2622,31259
2623,97857
2624,83116
2625,148024
2626,85075
2627,293001
2628,64038
2629,89212
2630,18074
2631,25249
2632,31857
2633,45308
2634,133919
2635,19460
2636,29468
2637,15318
2638,93482
2807,75218
2639,394959
2640,385257
2641,185278
2642,64755
2643,9547
2644,46771
2645,88448
2646,34342
2647,20841
2648,2004
2649,17090
2650,15053
2651,36943
2652,7665
2653,41175
2654,67300
2655,112809
2656,55962
2657,63426
2658,40240
2659,65948
2699,586210
2660,108601
2661,198941
2662,19203
2663,478224
2664,45377
2665,46911
2666,85438
2667,35697
2668,11194
2669,42764
2670,191334
2671,38277
2672,86805
2673,210317
2674,85369
2675,363845
2676,64499
2677,298428
2678,1411656
2708,159622
2679,249194
2680,235237
2681,37633
2682,69447
2683,124197
2684,290643
2685,35406
2686,223648
2687,341210
2688,542603
2689,236093
2690,189876
2691,229504
2692,40264
2693,15414
2694,162300
2695,22726
2696,19975
2697,28646
2698,295639
2700,66677
2701,64400
2702,133238
2703,182324
2704,82506
2705,464622
2706,293671
2707,276922
2730,3065
2709,177928
2710,163264
2711,336824
2712,36773
2713,63536
2714,317638
2715,82966
2716,117644
2717,219958
2718,7491
2719,4220
2720,5785
2721,7641
2722,9550
2723,33887
2724,8954
2725,16275
2726,159792
2727,8453
2728,28071
2729,40537
2731,3714
2732,393
2733,3945
2734,414
2735,28056
2736,63229
2737,33326
2738,93572
2739,91248
2740,2376
2741,28547
2742,49041
2743,27909
2744,8762
2745,68205
2746,3311
2747,81222
2748,10663
2749,103742
2750,6190
2751,66373
2752,13095
2753,635
2755,211239
2756,25395
2757,184839
2758,10334
2759,124248
2760,96185
2761,46057
2762,16853
2763,42100
2764,13167
2765,47375
2766,37326
2767,564
2768,37494
2769,26232
2770,13902
2771,9705
2772,1022
2773,16513
2774,15259
2808,556
2775,41843
2776,4286
2777,1536
2778,11894
2779,2338
2780,5285
2781,6154
2782,21686
2783,230
2784,11624
2785,25192
2787,248774
2788,9964
2789,45655
2790,1845
2791,207677
2792,114688
2793,170762
2794,64171
2795,459178
2796,140415
2797,228489
2798,621667
2799,56399
2800,164010
2801,135023
2802,48950
2803,137097
2804,11118
2805,16915
2806,42360
2811,68974
2812,50617
2813,112882
2814,602
2815,1210
2816,177
2817,32898
2818,217839
2819,9377
2820,70316
3268,50
2821,5939
2822,26423
2823,96275
2824,503368
2825,553
2826,6706
2827,24733
2828,38998
2829,101153
2830,341000
2831,28071
2832,35221
2833,29530
2834,33820
2835,44481
2836,55
2837,1861
2838,5757
2839,492
2840,2248
2841,40167
2842,15731
2843,46935
2844,22949
2845,57229
2846,32592
2847,45367
2848,50793
2849,22924
2850,90124
2851,37125
2852,60885
2853,54299
2854,44461
2855,49119
2856,28961
2857,38094
2858,32666
2859,25782
2860,235458
2861,60356
2862,50531
2863,31425
2864,24973
2865,21785
2866,45839
2867,35638
2868,265607
2869,203875
2870,33578
2871,313734
2872,33852
2873,66236
2874,16094
2875,94212
2876,46451
2877,87498
2878,250018
2879,48043
2880,172855
2881,131871
2882,52278
2883,24500
2884,54739
2885,47810
2886,206204
2887,32727
2888,44933
2889,34885
2890,82613
2891,9961
2892,40097
2893,306023
2894,57328
2895,37994
2896,200131
2897,38634
2898,32045
2899,81690
2900,53112
2901,51594
2902,191814
2903,44024
2904,62369
2905,76592
2906,303305
2907,16560
2908,93027
2909,30263
2910,36009
2911,30592
2912,31221
2913,46331
2914,153060
2915,129109
2916,13579
2917,54696
2918,48668
2919,111648
2920,57675
2921,61826
2922,122170
2923,69919
2924,35936
2925,27107
2926,35945
2927,148835
2928,46268
2929,10006
2930,67304
2931,10
2932,300
2933,48488
2934,159551
2935,24270
2936,10021
2937,40662
2938,8319
2939,29082
2940,28016
2941,301753
2942,176599
2943,42706
2944,32401
2945,39195
2946,27035
2947,48525
2948,56084
2949,30439
2950,11467
2951,40209
2952,92623
2953,43098
2954,91248
2955,93352
2956,49012
2957,35225
2958,44292
2959,25155
2960,5564
2961,27274
2962,39710
2963,84762
2964,46400
2965,648622
3298,66721
2966,183221
2967,26690
2968,62027
2969,23316
2970,84107
2971,117971
2972,52233
2973,210363
2974,121214
2975,10
2977,20361
2978,10
2979,58192
2980,47651
2981,7061
2982,20507
2983,10939
2984,21136
2985,60798
2986,8709
2987,31580
2988,209797
2989,10472
2990,22478
2991,76218
2992,40883
2993,9567
2994,8832
2995,27651
2996,21902
2997,31879
4650,265
2998,72496
2999,24672
3000,41345
3001,4836
3002,15095
3003,5861
3004,32094
3005,26759
3006,29889
3007,24182
3008,5206
4694,50
3009,86654
3010,1120
3011,176
3012,1341
3013,513
3014,101640
3015,61452
3016,97259
3017,75800
3018,173797
3019,85430
3020,679949
3021,243743
3022,264210
3023,6353
3024,206105
3025,159590
3026,95444
3027,183930
3028,220250
3050,17425
3029,265829
3030,163676
3031,224204
3032,2761720
3033,403064
3034,464599
3035,129965
3036,234548
3037,190557
3038,6726
3039,64983
3040,218
3041,10
3042,10
3043,6759
3044,27291
3045,166
3046,8200
3047,15670
3048,4948
3049,12370
3051,52791
3052,10
3053,6262
3054,10
3055,35968
3056,0
3057,885
3058,10359
3059,20499
3060,11491
3061,146
3062,69057
3064,11980
3065,17801
3066,44861
3067,10
3068,0
3069,1517
3070,8066
3071,6341
3072,3843
3073,9744
3074,10
3075,10
3079,45902
3080,19265
3081,14191
3082,7486
3083,10
3084,10
3085,10
3086,2422
3087,3304
3088,15555
3089,4572
3090,11792
3091,16755
3092,3096
3093,6218
3094,8540
3095,28743
3096,5433
3097,527
3098,18068
3099,11110
3100,13054
3101,137295
3102,53688
3103,10
3104,23714
3105,84968
3106,53091
3107,19805
3108,8214
3109,8414
4695,636
3110,35905
3111,5416
3112,11636
3113,28248
3114,60986
3115,82655
3116,8327
3117,15751
3118,11528
3119,77265
3779,177
3120,273082
3121,116093
3122,55127
3123,469217
3124,28626
3125,27745
3126,176522
3127,13118
3128,7957
3129,102630
3130,52350
3131,63625
3132,11077
3133,47109
3134,4683
3135,11367
3136,25596
3137,85450
3138,183969
3139,34897
3149,15192
3140,90480
3141,89402
3142,618552
3143,122044
3144,169932
3145,9688
3146,250920
3147,26115
3148,299687
3150,12752
3151,148752
3152,25723
3153,77356
3154,15403
3155,18780
3156,4313
3157,18000
3158,41767
3177,58690
3159,239371
3160,124308
3161,15014
3162,24950
3163,168069
3164,95282
3165,53217
3166,9897
3167,24533
3168,26474
3266,2365
3169,310861
3170,1018441
3171,188994
3172,176399
3173,259001
3174,214504
3175,177483
3176,13598
3267,5348
3178,33450
3179,19388
3180,12491
3181,23958
3182,41323
3183,44071
3184,14570
3185,30401
3186,56345
3187,10
3188,10
3189,10415
3190,14142
3191,460
3192,54909
3193,18312
3194,17232
3195,14421
3196,26823
3197,706
3198,988
3199,26102
3200,102140
3201,185270
3202,30547
3203,245
3204,127500
3205,46162
3206,4251
3207,33099
3208,64620
3209,86410
3210,874385
3211,34911
3212,9351
3213,68220
3214,354657
3215,74381
3216,103773
3217,62144
3218,172753
3219,441231
3220,204501
3221,420594
3222,899966
3223,200912
3224,256444
3225,446749
3226,482365
3227,408245
3228,475017
3229,400829
3230,73374
3231,87913
3232,244351
3233,260312
3234,19249
3235,235424
3236,111017
3237,52651
3238,71895
3239,79471
3240,77057
3241,158643
3242,432149
3243,185925
3244,82481
3245,74826
3246,82734
3247,102341
3248,25792
3249,214710
3250,45173
3251,931
3252,66419
3253,75551
3254,10
3255,192502
3256,1498
3257,299
3258,193062
3259,116015
3260,16380
3261,55871
3262,127428
3263,1794
3264,44188
3265,100
3269,1744
3270,61192
3271,51313
3272,284197
3273,622471
3274,390242
3275,113866
3276,597175
3277,100965
3299,223314
3278,366222
3279,1527362
3280,353253
3281,212166
3282,288723
3283,358001
3284,202034
3285,32010
3286,59912
3287,50382
3288,61159
3289,18717
3290,31667
3291,16200
3292,95554
3293,5189
3294,77260
3295,51564
3296,3726
3297,66260
3300,82409
3301,50943
3302,44098
3303,254522
3304,548702
3305,1884
3306,85417
3307,227461
3308,10
3309,5072
3310,8122
3311,7223
3312,12670
3313,23298
3314,6364
3315,4857
3316,5394
3317,19691
3318,23020
3319,7541
3320,425
3843,81521
3321,21749
3322,100
3323,10
3324,100
3325,63396
3326,10
3327,10
3328,10
3329,400
3330,6597
3331,405495
3341,35183
3332,183722
3333,1305
3334,192787
3335,60611
3336,302855
3337,50354
3338,44096
3339,26173
3340,409042
3342,24412
3343,43551
3344,41507
3345,103610
3346,26021
3347,1558
3348,34987
3349,38884
3350,73140
3351,21401
3352,9601
3353,17214
3354,9179
3355,26113
3356,43566
3357,32298
3358,25441
3359,42674
3360,164734
3361,124303
3362,121754
3363,429695
3364,44341
3365,227880
3366,146515
3367,145017
3368,48731
3369,82613
3370,90541
3371,546922
3372,59280
3373,408555
3374,147028
3375,122943
3376,96759
3377,148807
3378,224048
3379,60482
3380,123110
3381,215538
3382,62202
3383,55674
3384,95599
3385,141998
3386,95048
3387,50870
3388,19239
3389,410
3390,160658
3391,213610
3392,95442
3393,106377
3394,300334
3395,117256
3396,355037
3397,157706
3398,17886
3399,67826
3400,141670
3401,7642
3402,173186
3403,31109
3404,47062
3405,567289
3406,3275190
3407,104442
3408,49168
3409,372411
3410,56890
3411,367896
3412,2434800
3413,376558
3414,81762
3415,87458
3416,192364
3417,189624
3418,141993
3419,437710
3420,1000121
3421,170023
3422,751182
3423,279571
3424,269281
3425,706717
3426,420985
3427,148233
3428,532419
3429,1217715
3430,123263
3431,276414
3432,1174964
3433,122785
3434,264973
3435,237084
3436,174323
3437,111461
3438,164767
3439,1949165
3440,174925
3441,881801
3442,83754
3443,22880
3444,184126
3445,84656
3446,140295
3447,76242
3448,181656
3449,343161
3450,112557
3451,186099
3452,235143
3453,132416
3454,35991
3455,75942
3456,60930
3457,9960
3458,2444
3459,58953
3460,182731
3461,155046
3462,220982
3494,4298
3463,273563
3464,11748
3465,11582
3466,73345
3467,55434
3468,59873
3469,40379
3470,28741
3471,293
3472,20644
3473,27232
3474,217897
3475,24149
3476,35315
3477,33194
3478,42258
3479,139446
3480,49635
3481,96598
3482,23121
3483,46688
3484,21324
3485,112809
3486,146550
3487,22915
3488,101711
3489,1150
3490,46376
3491,3516
3492,29208
3493,41538
3495,6986
3496,20209
3497,134366
3498,205570
3499,57552
3500,46796
3501,107433
3502,177623
3503,47746
3504,179898
3505,211020
3506,314798
3507,504434
3508,31814
3509,1250
3510,87599
3511,13853
3512,318566
3513,43027
3514,93674
3515,246596
3516,164282
3517,127704
3518,54469
3519,2351
3520,1487
3521,83942
3522,39629
3523,109741
3524,239788
3525,19720
3526,46531
3527,25030
3528,52917
3529,83402
3530,2127
3531,8182
3532,12304
3533,8039
3534,46025
3535,135303
3536,40677
3537,40753
3538,172622
3539,17667
3540,17402
3541,2896
3542,291
3543,64639
3544,52216
3545,24680
3546,35197
3547,31583
3548,8969
3549,204
3550,3303
3551,628
3552,6477
3553,24724
3554,11583
3555,27763
3556,26967
3557,17835
3558,112230
3559,69379
3560,32711
3561,195528
3562,59202
3563,404901
3564,470474
3565,540247
3566,188149
3567,82756
3568,4938
3569,14212
3570,7330
3571,371350
3572,121281
3573,179935
3574,68853
3575,339537
3576,128971
3577,5000
3578,1716
3579,84668
3580,268695
3581,115476
3582,404710
3583,10
3584,21036
3585,21300
3586,153753
3587,18036
3588,46881
3589,2819
3590,149
3591,61537
3592,82122
3593,22953
3594,9504
3595,18729
3596,142564
3597,148242
3598,137586
3599,32166
3600,13142
3601,496834
3602,253613
3603,906197
3604,146703
3605,1337587
3606,235428
3666,162725
3607,78385
3608,444779
3609,127599
3610,198865
3611,618815
3612,130784
3613,103857
3614,99942
3615,91884
5104,1516
3616,223799
3617,251093
3618,209976
3619,472871
3620,161043
3621,146755
3622,76488
3623,52696
3624,151146
3667,108396
3625,141992
3626,60339
3627,52011
3628,101894
3629,378918
3630,97903
3631,94911
3632,181694
3633,227379
3668,652604
3634,523750
3635,91609
3636,396026
3637,65707
3638,5250
3639,178864
3640,32494
3641,60000
3642,176069
3643,140
3644,140092
3645,172321
3646,408069
3647,216805
3648,520000
3649,77178
3650,706000
3651,145886
3652,400000
3653,198213
3654,177099
3655,160437
3656,169028
3657,133558
3658,178453
3659,251018
3660,113907
3661,2183454
3662,897481
3663,340000
3664,60542
3665,52500
3670,377629
3671,527681
3672,1051326
3673,104243
3674,152934
3675,82386
3676,110046
3677,611739
3678,666322
3679,244662
3680,449258
3681,377061
3682,59338
3683,336954
3684,440151
3685,91384
3686,170947
3687,94115
3688,74459
3689,78254
3721,83033
3690,91077
3691,124108
3692,115893
3693,226930
3694,555694
3695,379555
3696,241104
3697,61469
3698,490221
3699,922422
5105,10
3700,383932
3701,612356
3702,1770000
3703,715600
3704,135862
3705,471152
3706,226108
3707,196808
3708,150527
3709,142636
3710,224348
3711,247805
3712,170357
3713,141482
3714,114715
3715,67957
3716,43262
3717,83208
3718,90420
3719,76732
3720,79825
3722,78092
3723,190257
3724,990287
3725,699328
3726,412101
3727,56387
3728,679
3729,2809
3730,48540
3731,19645
3732,107047
3736,85809
3737,250903
3738,500000
3739,89700
3740,80093
3741,39924
3742,71308
3743,87115
3744,46855
3745,104849
3746,80459
3747,109229
3748,118525
3749,167193
3750,67011
3751,72403
3752,104571
3753,42618
3754,42559
3755,83317
3756,54636
3757,405305
3758,392485
3759,217797
3760,686447
3761,887243
3762,169614
3763,161356
3764,103972
3765,139261
3766,241289
3778,42311
3767,62532
3768,395503
3769,300215
3770,193770
3771,324677
3772,187560
3773,263374
3774,88053
3775,241
3776,22606
3780,19946
3781,18748
3782,24014
3783,603
3784,45222
3785,17683
3786,17009
3787,71126
3788,153915
3789,10578
3790,22645
3791,141951
3792,19896
3793,2216
3794,19720
3795,194
3796,1313
3797,37366
3798,26143
3799,26803
3800,105770
3801,68244
3802,7854
3803,15397
3804,11969
3805,861
3806,10006
3807,20901
3808,32947
3809,87840
3810,18935
3811,68573
3812,21851
3813,211276
3814,56773
3815,79382
3816,18513
3817,148289
3818,82709
3819,29250
3820,8585
3821,14248
3822,105402
3823,54392
3824,16853
3825,83644
3826,795
3827,20851
3828,881
3829,4647
3830,136418
3831,342871
3832,30842
3833,68304
3834,65212
3835,76892
3836,158987
3837,36485
3838,41911
3839,139266
3840,54915
3841,126460
3842,184970
3844,7787
3845,3170
3846,15321
3847,3999
3848,13967
3849,214147
3850,170884
3851,292808
3852,225049
3853,122631
3873,135533
3854,187624
3855,176996
3856,150805
3857,268928
3858,187866
3859,90276
3860,304804
3861,192827
3862,230671
3863,170001
3864,258498
3865,346972
3866,394163
3867,176783
3868,201026
3869,236870
3870,554730
3871,10688
3872,209940
3874,486803
3875,240601
3876,241927
3877,252104
3878,601214
3879,333978
3880,563103
3881,119806
3882,58851
3883,152393
3884,92113
3885,364926
3886,27329
3887,55894
3888,23012
3889,134
3890,4101
3891,25235
3892,1667
3893,28633
3894,7155
3895,14344
3896,60991
3897,150362
3898,71532
3899,142914
3900,143393
3901,357903
3902,46295
3903,46905
3904,40559
3905,263197
3906,77760
3907,287753
3908,158892
3909,35089
3910,44959
3911,38034
3912,159864
3913,70164
3914,188859
3915,170725
3916,39084
3917,321418
3918,85416
3919,54457
3920,61244
3921,177939
3922,83317
3923,118909
3935,13496
3924,163442
3925,187155
3926,266550
3927,4441
3928,10
3929,10830
3930,378
3931,2558
3932,18137
3933,10259
3934,159083
3936,24578
3937,16740
3938,53135
3939,94972
3940,17990
3941,8592
3942,12813
3943,32702
3944,16625
3945,7029
3946,26903
3947,1341
3948,20859
3949,6396
3950,12244
3951,32760
3952,27766
3953,15842
3954,59379
3955,22311
3956,120123
3957,75158
3958,28825
3959,25422
3960,63200
3961,8770
3962,50851
3963,50911
3964,49396
3965,12260
3966,18968
3967,56549
3968,46001
3969,156770
3970,114958
3971,144465
3972,49534
3973,639150
3974,108130
3975,472571
3976,61509
3977,12827
3978,104021
3979,44368
3980,36292
3981,89300
3982,47021
3983,76464
3984,39413
3985,73018
3986,82240
3987,100111
3988,27264
3989,22424
3990,24192
3991,52508
3992,60172
3993,200687
3994,6517
3995,91581
3996,90502
3997,54517
3998,12242
3999,27285
4000,28267
4001,4271
4002,10010
4003,44922
4004,5694
4005,3914
4006,4346
4007,25871
4008,4762
4009,3516
4010,6824
4011,30405
4012,7066
4013,14852
4014,694
4015,20366
4016,8543
4017,3969
4018,19655
4019,2331
4020,17989
4021,16400
4022,6779
4023,7129
4024,5383
4025,6311
4026,5131
4027,14199
4028,47294
4029,54710
4030,5125
4031,13854
4032,61329
4033,19117
4034,3902
4035,40320
4036,11238
4037,118301
4038,249395
4039,437138
4040,111260
4081,41112
4041,145699
4042,262980
4043,210516
4044,263432
4045,117888
4046,1423000
4047,82517
4048,315482
4049,352512
4050,146917
4051,163934
4274,2130
4052,425898
4053,334155
4054,318342
4055,145385
4056,463449
4057,3236
4058,8895
4059,153429
4060,189049
4061,151385
4062,11202
4063,48806
4064,654318
4065,226015
4066,1894
4067,81753
4068,128642
4069,56544
4070,130603
4071,329224
4072,358171
4073,208749
4074,166533
4075,318790
4076,485962
4077,229384
4078,283228
4079,39467
4080,93
7337,300
4082,10200
4083,16247
4084,35743
4085,166480
4086,153047
4087,182218
4088,239754
4089,619711
4090,320434
4091,296418
4092,781218
4093,257448
4094,646322
4095,2934655
4096,127342
4097,200762
4098,483129
4099,169127
4100,515574
4101,198453
4102,333200
4103,95929
4104,436780
4105,197233
4106,485348
4107,272036
4108,287787
4109,177081
4110,138243
4111,338975
4112,158569
4113,76915
4114,155029
4115,489022
4116,219094
4117,219571
4118,139264
4119,102331
7338,524
4120,547272
4121,39737
4122,163000
4123,289429
4124,509790
4125,195891
4126,44971
4127,274176
4128,203264
4129,29011
4130,10335
4131,20950
4132,24584
4133,97930
4134,20877
4135,9651
4136,28367
4137,152077
4138,68076
4139,22385
4140,111918
4141,57410
4142,11317
4143,46880
4144,56386
4145,34973
4146,23729
4147,34488
4148,42168
4149,2608
4150,14410
4151,56957
4152,143158
4153,31880
4154,111188
4155,83713
4156,203512
4157,30843
4158,38502
4159,73028
4160,46468
4161,61227
4162,71287
4163,37490
4164,87809
4165,17200
4166,210989
4167,479653
4168,81888
4169,307
4181,9993
4170,23979
4171,55781
4172,27518
4173,13638
4174,83288
4175,34129
4176,29808
4177,24912
4178,48901
4179,15809
4180,13563
4182,32704
4183,125315
4184,32385
4185,26290
4186,35300
4187,4047
4188,51375
4189,10
4190,56769
4191,38096
4192,22705
4193,24516
4194,58096
4195,1929
4196,8750
4197,45596
4198,38053
4199,25279
4200,195032
4201,181457
4202,318320
4203,70160
4204,70436
4205,81699
4206,42043
4207,40377
4208,45937
4209,51674
4210,22529
4211,15302
4212,38641
4213,980
4214,41215
4215,22695
4216,22386
4217,146794
4218,97737
4219,48451
4220,557017
4221,143150
4222,45113
4223,92562
4224,47276
4225,59047
4226,59119
4227,320030
4228,229300
4229,74173
4230,366989
4231,24355
4232,50243
4233,241421
4234,28380
4235,139972
4236,17233
4237,164150
4238,31041
4239,19860
4240,21025
4241,29188
4242,40338
4243,17798
4244,14480
4245,35923
4246,32639
4247,37516
4248,213799
4249,35055
4250,45730
4251,72031
4252,56585
4253,52954
4254,16199
4255,43577
4256,37945
4257,15451
4258,40691
4259,31722
4260,63376
4261,85721
4262,352971
4263,279381
4264,22564
4265,42378
4266,33303
4267,50690
4268,9668
4269,2500
4270,870
4271,184
4272,14378
4273,14805
4275,4316
4276,5082
4277,1909
4278,64594
4279,13454
4280,1248
4281,2400
4282,3222
4283,1400
4284,538
4285,29942
4286,2295
4287,82698
4288,13788
4289,151683
4290,10677
4291,34035
4292,10796
4293,2893
4294,8000
4295,7601
4296,2633
4297,303
4298,834
4299,1584
4311,4570
4300,650
4301,1069
4302,73
4303,11368
4304,68849
4305,30812
4306,1595
4307,2663
4308,2174
4309,4895
4310,4627
4312,1765
4313,3743
4314,277
4315,47602
4316,108298
4317,150887
4318,6787
4319,2182
4320,1372
4321,4441
4322,1204
4323,3625
4324,35584
4325,26149
4326,37963
4327,284
4328,2645
4329,549
4330,41752
4331,1575
4332,11642
4354,142290
4333,15551
4334,270
4335,71153
4336,17894
4337,2553
4338,5871
4339,3759
4340,3001
4341,6666
4342,1063
4355,25301
4343,224
4344,3232
4345,685
4346,452
4347,75
4348,448
4349,86917
4350,64399
4351,290768
4352,131122
4353,5798
4356,31473
4357,26305
4358,45246
4359,5641
4360,137333
4361,230444
4362,3425
4363,28601
4364,220429
4365,6306
4366,175
4367,701
4368,605
4369,557
4370,493
4371,11847
4372,22834
4373,4400
4374,8556
4375,1218
4376,5844
4377,2277
4378,4715
4379,7376
4380,19640
4381,3445
4382,5440
4383,48318
4384,21688
4385,278596
4386,39218
4387,19785
4408,1522
4388,65344
4389,57135
4390,28247
4391,62586
4392,86192
4393,7190
4394,3412
4395,10609
4396,13610
4397,18278
4520,150
4398,21054
4399,66142
4400,440389
4401,71448
4402,69745
4403,43408
4404,2838
4405,4458
4406,46483
4407,8492
4409,49345
4410,38050
4411,11359
4412,6210
4413,55249
4414,47559
4415,20343
4416,8989
4417,1145
4418,9478
4419,11498
4420,4000
4421,14133
4422,13594
4423,11387
4424,9421
4425,18297
4426,7683
4427,22873
4428,132761
4429,12655
4430,9607
4431,9979
4432,86641
4433,52079
4434,358244
4435,241071
4436,327601
4437,102566
4438,79133
4439,55324
4440,94939
4441,29554
4442,45715
4443,55587
4444,35473
4445,31565
4446,57765
4447,51328
4448,62245
4449,18067
4450,6387
4451,7287
4452,105069
4453,109507
4454,42601
4455,89728
4456,41201
4457,53502
4458,14102
4459,153287
4460,7698
4461,42271
4462,11456
4463,54865
4464,134323
4465,22096
4466,5846
4467,83319
4468,3950
4469,132233
4470,122006
4471,131589
4472,97156
4473,272750
4474,70452
4475,35032
4476,60180
4477,63580
4478,57473
4479,37724
4480,147426
4481,199795
4482,50469
4483,12191
4484,129893
4485,52490
4486,210856
4487,401697
4488,53676
4489,36760
4490,30285
4491,32961
4492,72492
4493,65817
4494,36398
4495,15264
4496,330126
4497,167900
4498,223622
4499,25578
4500,79843
4501,40907
4502,2324
4503,984
4504,15666
4505,12731
4506,8144
4507,5249
4508,795
4509,11520
4510,10579
4511,42201
4512,19706
4513,65329
4514,78906
4515,531
4516,19489
4517,4837
4518,30000
4519,149
4521,8748
4522,469
4523,1502
4524,1411
4525,186
4526,9964
4527,1307
4528,25
4529,298
4530,10
4531,197
4532,1123
4533,4189
4534,2361
4535,1884
4536,573
4537,8565
4538,553
4539,160576
4540,33734
4541,25500
4542,83821
4543,72
4544,9959
4614,1409
4545,10392
4546,24480
4547,12085
4548,4210
4549,1201
4550,6858
4551,17273
4552,3025
4553,18761
4554,36544
4555,26568
4556,200187
4557,181059
4558,5628
4559,14364
4560,51118
4561,193942
4562,73483
4563,83503
4564,82154
4565,65357
4566,152709
4567,666
4568,216
4569,3030
4570,67413
4571,177497
4572,18124
4573,449167
4574,108230
4575,159177
4576,134855
4577,184195
4578,274520
4579,388174
4580,110144
4581,145864
4582,134947
4583,171742
4584,133793
4585,72805
4586,128316
4587,110446
4588,53115
4589,49677
4590,73813
4591,245522
4592,170254
4593,242780
4638,1213
4594,88588
4595,265162
4596,50000
4597,178274
4598,133841
4599,120839
4600,100936
4601,343527
4602,212822
4603,130277
4604,99126
4605,285867
4606,127695
4607,79771
4608,243987
4609,202242
4610,389411
4611,1473
4612,1942
4613,9679
4615,1763
4616,757
4617,47059
4618,7775
4619,2493
4620,3301
4621,27179
4622,20067
4623,71076
4624,50344
4625,45774
4626,505
4627,237
4628,5025
4629,10
4630,639
4631,1038
4632,11282
4633,686
4634,1822
4635,1537
4636,424
4637,259
4639,2054
4640,1772
4641,3140
4642,3995
4643,1446
4644,26684
4645,18818
4646,187
4647,355
4648,32408
4649,33065
4651,442
4652,3608
4653,13460
4654,6020
4655,61037
4656,6811
4657,5604
4658,5662
4659,4873
4660,6277
4661,6422
4662,5730
4663,4077
4664,16444
4665,10379
4666,20335
4667,9720
4668,10338
4669,7160
4670,6111
4671,10027
4672,8341
4673,5391
4674,8171
4675,30132
4676,10681
4677,6204
4678,48961
4679,6106
4680,6846
4681,1806
4682,13998
4696,615
4683,45549
4684,4624
4685,5245
4686,4523
4687,1351
4688,2442
4689,2729
4690,850
4691,206
4692,1976
4693,1513
4697,537
4698,1791
4699,528
4700,450
4701,12417
4702,15543
4703,14186
4704,7489
4705,6993
4706,912
4739,403
4707,7450
4708,4596
4709,11986
4710,5464
4711,5839
4712,9427
4713,17702
4714,16983
4715,4472
4716,249955
7339,581
4717,73404
4718,29750
4719,3693
4720,33431
4721,4659
4722,9073
4723,18678
4724,3976
4725,246
4726,459
4727,1068
4728,1157
4729,2894
4730,26496
4731,10024
4732,7495
4733,9819
4734,10328
4735,11338
4736,5997
4737,283
4738,142
4740,296
4741,187
4742,25114
4743,4367
4744,6451
4745,7489
4746,7357
4747,8370
4748,7166
4749,6133
4750,2005
4751,3351
4752,1684
4753,177
4754,1157
4755,1658
4756,12652
4757,85339
4758,70300
4759,39623
4760,37883
4771,35993
4761,45904
4762,143410
4763,70603
4764,221422
4765,137888
4766,142361
4767,232209
4768,152763
4769,107754
4770,105591
4772,120712
4773,50798
4774,400249
4775,4261
4776,45555
4777,1667
4778,63177
4779,36172
4780,157838
4781,216015
4782,48447
7340,0
4783,104508
4784,85017
4785,125356
4786,48591
4787,141498
4788,81759
4789,23167
4790,82681
4791,149486
4792,200000
7341,15192
4793,866000
4794,986968
4795,903000
4796,1764
4797,32543
4798,156484
4799,184993
4800,99
4801,90
4822,103
4802,2771
4803,4761
4804,31036
4805,5856
4806,47183
4807,67664
4808,102932
4809,30000
4810,29290
4811,11200
4812,146813
4813,50888
4814,192088
4815,20812
4816,173154
4817,23099
4818,202472
4819,62962
4820,398
4821,41
4823,60
4824,76
4825,31
4826,115
4827,40
4828,54
4829,26
4830,20
4831,3
4832,50
4833,600
4834,43
4835,19
4836,1
4837,115
4838,40
4839,45
4840,15
4841,125
4842,125
4843,5
4844,26
4845,5
4846,35
4847,40
4848,33
4849,43
4850,57
4851,20
4852,15
4853,19
4854,30
4855,153
4856,30
4857,4
4858,443
4859,249
4860,9870
4861,75
4862,50
4863,493294
4864,387106
4865,582779
4866,120494
4867,359753
4868,36462
4869,26195
4870,31478
4871,53496
4872,57327
4873,460273
4874,88403
4875,47587
4876,1249196
4877,75076
4878,3911
4879,53767
4880,25240
4881,33711
4882,89082
4883,31091
4884,79988
4885,231238
4886,25588
4887,227555
4888,378544
4889,45511
4915,225713
4890,67760
4891,135206
4892,62516
4893,43762
4894,63127
4895,98655
4896,97429
4897,143157
4898,212344
4899,100740
4900,962745
4901,518510
4902,663727
4903,670142
4904,221870
4905,145320
4914,149812
4906,523315
4907,43857
4908,125345
4909,32215
4910,310328
4911,466067
4912,877476
4913,276036
4916,357708
4917,287693
4918,198822
4919,153933
4920,313269
4921,106814
4922,681
4923,9848
4924,2900
4934,199318
4925,86491
4926,26406
4927,600779
4928,13000
4929,159036
4930,482000
4931,599600
4932,21018
4933,291275
4935,415000
4936,197551
4937,243186
4938,514427
4939,110153
4940,7170
4941,138072
4942,584779
4943,28042
4944,1695
4945,368323
4946,78674
4947,306615
4948,113095
4949,208151
4950,470379
4951,537191
4952,639973
4953,603750
4954,260109
4955,497557
4956,96298
4957,1078000
4958,7147
4959,992062
4960,431408
4961,67269
4971,153174
4962,233856
4963,4197
4964,19131
4965,19237
4966,31384
4967,587084
4968,234428
4969,108071
4970,936
4972,786232
4973,53621
4974,41157
4975,38318
4976,154490
4977,117542
4978,793317
4979,157
4980,1232
4981,801600
4982,91972
4983,36220
4984,136999
4985,73330
4986,9035
4987,83970
4988,12077
4989,5139
4990,518695
4991,88568
4992,111743
4993,2561798
4994,1800551
4995,552607
4996,286046
4997,417767
4998,63412
4999,1860310
5000,838745
5001,917934
5002,1795672
5003,774341
5004,170488
5005,62882
5006,27876
5007,1050
5008,4837
5009,6128
5010,20
5032,230525
5011,218717
5012,93243
5013,12165
5014,13829
5015,10
5016,10
5017,182078
5018,398742
5019,479156
5020,296208
5021,220040
5022,329400
5023,10
5024,300
5025,1790
5026,32427
5027,10
5028,5981
5029,47358
5030,26723
5031,110572
5033,96397
5034,91831
5035,444028
5036,159353
5037,172822
5038,9545
5039,46239
5040,48114
5041,136385
5042,10
5043,24131
5044,87878
5045,159133
5046,57393
5047,242547
5048,183509
5049,526470
5050,129812
5051,237816
5052,435266
5053,1011933
5054,2460000
5055,320081
5170,10
5056,115105
5057,48545
5058,5444
5059,229731
5060,745
5061,44975
5103,3627
5062,85012
5063,14921
5064,51687
5065,46781
5066,48407
5067,41025
5068,25388
5069,15933
5070,10
5071,94421
5072,112542
5073,15408
5074,65629
5075,4774
5076,100
5077,10
5078,10
5079,22913
5080,3732
5081,4184
5082,4676
5083,25800
5084,12368
5085,62319
5086,26999
5087,8071
5088,16575
5089,6486
5090,33187
5091,5282
5092,10637
5093,52308
5094,29653
5095,6541
5096,153236
5097,140674
5098,39242
5099,-99
5100,1388
5101,3707
5102,3459
5106,6796
5107,3062
5108,33364
5109,5137
5110,10
5111,5544
5112,4633
5113,10
5114,1920
5115,943
5116,10
5117,10
5118,4716
5119,10
5120,15266
5121,75023
5122,10
5123,3615
5124,1305
5125,264374
5126,1286
5127,27113
5128,27882
5129,2024
5130,12993
5131,4201
5132,7367
5133,10098
5134,9264
5135,33166
5136,238751
5137,679287
5138,1343000
5139,108876
5140,456369
5141,231824
5142,272412
5143,763590
5144,85237
5145,40083
5146,395483
5147,591552
5148,786393
5149,209741
5150,144465
5151,33893
5152,75726
5153,8776
5154,791000
5155,499807
5156,187270
5157,595671
5158,12434
5159,26252
5160,8056
5161,32488
5162,24609
5163,31941
5164,17348
5165,2984
5166,74738
5167,16074
5168,28053
5169,15805
5171,67386
5172,1089
7342,5856
5173,4939
5174,162852
5175,102823
5176,1258632
5177,16500
5178,1436031
5179,539536
5180,600468
5181,657646
5182,1680000
5183,908020
5184,658762
5185,1408228
5186,735324
5187,469579
5188,785174
5189,101691
5190,569134
5191,89743
5340,1862
5192,191964
5193,456305
5194,273809
5195,790410
5196,173304
5197,321584
5198,245070
5199,309640
5209,1775644
5200,104438
5201,415156
5202,258750
5203,417211
5204,721772
5205,348240
5206,234900
5207,14398
5208,2681863
5210,635705
5211,618271
5212,2250
5213,55
5214,93140
5215,192919
5216,89802
5217,49796
5218,572977
5219,108769
5220,309705
5221,253721
5222,1606809
5223,145986
5224,800000
5225,252931
5226,533283
5227,537965
5228,1462839
5229,937875
5230,675863
5231,897703
5232,126366
5233,688090
5234,894679
5235,700181
5236,777304
5237,993390
5238,45617
5239,655739
5240,446298
5241,1049
5242,325400
5243,1537000
5244,572056
5245,459200
5246,18445
5247,250077
6412,25461
5248,145363
5249,881359
5250,694466
5251,802821
5252,1737975
5253,834065
5254,687270
5255,872000
5256,967109
5257,849000
5258,1411944
5259,823301
5260,1552791
5261,740945
5262,750987
5263,693080
5264,780135
5265,729525
5266,923933
5267,1435323
5268,818164
5269,973866
5270,1629000
5271,796301
5272,209797
5273,505240
5274,1216135
7343,3240
5275,545616
5276,1138009
5277,743276
5278,806626
5279,727051
5280,694660
5281,599142
5282,617529
5283,485899
5284,89220
5285,528811
5286,351916
5287,536093
5288,525089
5289,218427
5290,19357
5291,270237
5292,32023
5293,74214
5294,116157
5295,54923
5296,397825
5297,443112
5298,657834
5299,79685
5300,74938
5301,954958
5302,505093
5303,125937
5304,341080
5305,1528478
5306,3697894
5307,300963
5308,281572
5309,171701
5310,225575
5311,278962
5312,294783
5313,537535
5314,125535
5315,54878
5316,292923
5317,1034690
5318,324726
5319,270967
5320,751018
5321,361681
5322,379450
5323,461735
5324,669144
5325,423027
5326,144261
5327,244255
5328,24187
5329,204330
5330,632810
5331,640028
5332,146688
5333,636164
5334,357409
5335,8067
5336,10393
5337,2381
5338,252015
5339,286
5341,469
5342,10
5343,3224
5344,556
5345,10
5346,8
5347,204
5348,4413
5349,159580
5350,138674
5361,25442
5351,795870
5352,8883
5353,46714
5354,97508
5355,53388
5356,175443
5357,21614
5358,48761
5359,223451
5360,36175
5362,35308
5363,126659
5364,167194
5365,104357
5366,4899
5367,80586
5368,214579
5369,39670
5370,88380
5371,126643
5372,99268
5373,556518
5374,446261
5375,86744
5376,674246
5377,301725
5378,145926
5379,423692
5389,93846
5380,186778
5381,76133
5382,102757
5383,82027
5384,14064
5385,10267
5386,25040
5387,65787
5388,40097
5390,45892
5391,23439
5392,367259
5393,953044
5394,225799
5395,83227
5396,77298
5397,152738
5407,108008
5398,11997
5399,195183
5400,23685
5401,70599
5402,8977
5403,149339
5404,180691
5405,244146
5406,60876
5408,174707
5409,101562
5410,184098
5411,183260
5412,42647
5413,185475
5414,27012
5415,675522
5449,105542
5416,321224
5417,140776
5418,158391
5419,120811
5420,31786
5421,152896
5422,24670
5423,37334
5424,254295
5425,142622
5426,144788
5427,595820
5428,244972
5429,943575
5430,194765
5431,168410
5432,388449
5433,1003418
5434,206572
5435,61314
5436,84581
5437,56101
5438,484286
5439,45545
5460,1623
5440,289210
5441,150
5442,317972
5443,2383
5444,1007000
5445,40843
5446,99504
5447,89458
5448,365164
5450,627611
5451,8121
5452,1939
5453,236
5454,24
5455,623
5456,174
5457,485
5458,101
5459,955
5461,6581
5462,833
5463,76815
5464,0
5465,289801
5466,416435
5467,189
5468,194081
5469,183962
5470,126477
5471,108596
5472,128563
5473,347499
5474,85327
5475,543095
5476,645000
5477,652646
5478,690299
5479,31357
5480,17243
5481,18384
5482,132679
5483,395429
5484,4988
5485,25726
5486,57875
5487,33600
5488,164716
5489,216785
5490,56400
5491,57297
5492,56865
5493,26279
5494,51853
5495,9129
5496,144744
5497,201317
5498,55910
5499,464765
5500,239212
5501,164047
5502,154794
5503,710738
5504,222861
5505,30250
5506,123379
5507,95132
5526,265069
5508,1008328
5509,803442
5510,383099
5511,162676
5512,278
5513,482
5514,1281
5515,15722
5516,29644
5517,28946
5518,110208
5519,1320
5520,449
5521,2972
5522,40957
5523,7862
5524,1802
5525,620501
5564,2678
5527,118051
5528,25686
5529,19742
5530,1950
5531,14754
5532,7377
5533,20048
5534,19152
5535,804138
5536,65059
5537,84800
5538,54031
5539,308146
5540,135960
5541,258739
5542,69462
5543,71275
5544,166305
5545,689903
5546,61863
5547,163599
5548,227593
5549,19213
5550,490645
5551,703469
5552,562216
5553,472338
5554,3491
5555,930
5556,10
5557,1004
5558,1209
5559,5230
5560,3199
5561,573
5562,1085
5563,7392
5565,654
5566,190
5567,4017
5568,5330
5569,7205
5570,227
5571,316
5572,735
5573,68534
5574,13276
5575,42070
5576,35080
5577,7872
5578,8062
5579,4251
5580,28066
5581,201320
5582,1253
5583,21819
5584,11187
5585,29882
5586,33325
5587,149336
5588,187
5589,560
5590,1900
5591,421
5592,33737
5593,4561
5594,86711
5595,818
5596,203
5597,2830
5598,173
5599,1202
5600,18921
5601,46062
5602,29055
5603,10983
5604,9707
5605,66054
5606,18491
5607,65107
5608,5604
5609,943262
5610,285564
5611,264347
5612,37652
5613,124834
5614,111464
5615,114997
5616,204117
5617,299374
5618,46482
5619,890202
5620,42725
5621,47726
5622,94112
5623,44559
5633,47892
5624,13302
5625,76101
5626,130426
5627,299445
5628,176586
5629,48616
5630,254825
5631,111915
5632,198213
5634,74761
5635,105783
5636,52349
5637,53192
5638,38610
5639,74987
5640,138833
5641,153052
5642,34224
5643,7228
5645,16403
5646,42982
5647,71538
5648,23387
5649,9259
5650,40033
5651,107384
5652,152807
5653,170691
5654,175747
5655,90000
5656,10
5657,319951
5658,34937
5659,17773
5660,24421
5661,26782
5662,308541
5663,201282
5664,94399
5665,138271
5666,17121
5667,7405
5668,274463
5669,103308
5670,220906
5671,132299
5672,207803
5673,100397
5848,50470
5674,242
5675,16172
5676,19319
5677,2728
5678,20859
5679,18670
5680,1476
5681,153677
5682,62353
5683,3331
5684,37469
5685,16743
5686,242539
5687,94334
5688,57835
5689,40701
5690,31589
5691,145020
5692,90591
5702,17109
5693,163363
5694,88414
5695,171897
5696,156877
5697,11848
5698,108365
5699,620898
5700,21687
5701,44721
5703,22971
5704,719208
5705,752032
5706,94830
5707,108218
5708,32959
5709,149142
5710,128830
5711,1958
5731,33903
5712,1747
5713,776
5714,72615
5715,97917
5716,31952
5717,10
5718,2461
5719,25729
5720,59530
5721,20448
5779,2329
5722,417527
5723,256956
5724,32940
5725,502144
5726,329376
5727,122435
5728,328005
5729,229927
5730,314336
5732,176285
5733,282
5734,19850
5735,12411
5736,42914
5737,45957
5738,127236
5739,611230
5740,38179
5741,99728
5742,20626
5743,70430
5744,68738
5745,548
5746,59178
5747,46969
5748,13753
5749,57351
5750,9637
5751,2568
5847,42366
5752,89623
5753,169069
5754,730587
5755,91881
5756,147882
5757,458283
5758,314493
5759,330939
5760,229476
5761,55015
5762,861825
5763,156924
5764,184902
5765,39493
5766,216004
5767,24036
5768,67634
5769,198396
5770,19981
5771,701742
5772,249038
5773,754837
5774,737069
5775,92253
5776,758000
5777,153305
5778,16824
5780,27269
5781,17343
5782,43485
5783,13575
5784,145894
5785,27954
5786,120923
5787,217156
5788,548956
5789,520941
5790,106748
5791,48149
5792,82146
5793,19700
5794,148513
5795,275407
5796,705218
5797,449498
5798,636660
5799,165377
5800,473871
5801,28835
5802,34412
5803,84066
5804,10374
5805,37023
5806,7951
5807,60605
5808,624724
5809,24986
5810,15911
5811,20540
5812,312315
5813,109970
5814,114648
5815,227371
5816,656227
5817,392450
5818,645917
5819,320462
5820,866000
5821,1023000
5822,473694
5823,297997
5824,341789
5825,492499
5826,201036
5918,5870
5827,17435
5828,81160
5829,306047
5830,307921
5831,40668
5832,20536
5833,14993
5834,19841
5835,5925
5836,208300
5837,30953
5838,16818
5839,16727
5840,174
5841,20019
5842,254298
5843,271143
5844,859000
5845,368193
5846,578808
5849,99786
5850,298585
5851,164844
5852,44273
5853,205579
5854,122082
5855,176941
5856,148471
5857,72950
5858,86713
5859,64270
5860,157848
5861,448
5862,13400
5863,15040
5864,135944
5865,6683
5866,135862
5867,29664
5919,9110
5868,23080
5869,363575
5870,181875
5871,49991
5872,157204
5873,44195
5874,17722
5875,142136
5876,20689
5877,983698
5878,90034
5879,1126000
5880,765978
5881,1425000
5882,806000
5883,356425
5884,982000
5885,839000
5886,771000
5887,30181
5888,201257
5889,178638
5890,331084
5891,164353
5892,199306
5893,153329
5894,428411
5895,46111
5896,101180
5897,25235
5898,80932
5899,438707
5900,63847
5901,22426
5902,1468576
5903,212560
5904,37147
5905,40256
5906,541081
5907,351522
5908,530577
5909,353483
5910,469345
5911,391035
5912,609473
5913,3996
5914,7231
5915,76904
5916,3019
5917,4026
5920,22356
5921,134337
5922,2041
5923,8948
5924,37877
5925,13543
5926,72984
5927,149874
5928,222982
5929,144952
5930,24241
5931,186284
5932,108075
5933,10
5934,47203
5935,73930
5936,18459
5937,13409
5938,93270
5939,26118
5940,6623
5941,61466
5942,17352
5943,42433
5944,22006
5945,49402
5946,139096
5947,6610
5948,110757
5949,103378
5950,192290
5951,134404
5952,76219
5953,361286
5954,65339
5955,159929
5956,65737
5957,54344
5958,161150
5959,33197
5960,128306
5961,345444
5962,11772
5963,71671
5964,11810
5965,17060
5966,132685
5967,27256
5968,3436
5969,30185
5970,37103
5971,204894
5972,167219
5973,315129
5974,412678
5975,933478
5976,399093
5977,32452
5978,4479
5979,828313
5980,544738
5981,260843
5982,215911
5983,177979
5984,575434
5985,436094
5986,200797
5987,232326
5988,172535
5989,99612
5990,116270
5991,93511
5992,235410
5993,54709
5994,35511
5995,23354
5996,13975
5997,19463
5998,17802
5999,9969
6000,2722
6001,48190
6002,51898
6003,15231
6004,9049
6005,51509
6006,64428
6007,980588
6008,164150
6009,203340
6010,39762
6011,46819
6012,31661
6013,38472
6014,78532
6015,27115
6016,78735
6017,956
6018,50444
6019,215794
6020,86865
6021,234807
6022,25753
6023,1612
6024,26983
6025,8961
6026,26020
6027,102519
6028,496035
6029,183086
6030,28127
6031,15820
6032,125699
6033,47695
6034,177115
6035,131525
6036,193061
6037,26375
6038,13176
6039,48080
6040,18633
6041,86413
6042,378943
6043,202294
6044,587766
6045,5500
6046,6198
6047,8748
6048,4929
6049,89
6050,31437
6051,3505
6052,58382
6053,74225
6054,6897
6055,41154
6056,5842
6057,68671
6058,12361
6059,64133
6060,6315
6061,1549
6062,1326
6063,385
6064,1109
6065,23
6066,98
6067,0
6068,2403
6069,448
6070,283
6071,3022
6072,900
6073,802
6074,43344
6075,1947
6076,742414
6077,120
6078,1725
6079,119182
6080,10852
6081,3504
6082,588
6083,13127
6084,20625
6085,156
6086,1597
6087,53940
6125,17277
6088,89051
6089,44525
6090,5304
6091,7433
6092,3345
6093,505
6094,124
6095,2762
6096,31477
6097,2347
6098,3766
6099,31095
6100,50484
6101,5185
6102,79524
6103,70562
6104,11499
6105,162586
6126,40000
6106,147130
6107,317550
6108,368456
6109,55861
6110,1060202
6111,307930
6112,23603
6113,281150
6127,6352
6114,107115
6115,238733
6116,58604
6117,11985
6118,17000
6119,2353
6120,29639
6121,56788
6122,113955
6123,170733
6124,447
6128,9211
6129,56910
6130,22352
6131,142416
6132,18270
6133,7293
6134,423251
6135,28632
6136,32049
6137,108279
6138,91499
6139,176271
6140,202103
6141,170901
6142,274744
6143,269467
6144,174254
6145,333319
6146,57713
6147,220009
6148,4645
6149,22950
6150,61756
6151,59313
6152,4749
6153,7026
6154,350
6155,36371
6156,25668
6157,1829
6158,85785
6159,568700
6160,38127
6161,66
6162,193
6163,1299
6164,279126
6165,3985
6166,101531
6167,229563
6168,2821870
6169,1319156
6170,142292
6171,973691
6172,578545
6173,483177
6174,1312758
6175,1448736
6176,2550000
6177,929013
6178,1548669
6179,2174000
6180,1006427
6181,1097766
6182,1369624
6183,1417666
6184,1164333
6185,1496546
6186,1645097
6187,1428824
6188,2138989
6189,946686
6190,628284
6191,1009056
6201,1310592
6192,1064721
6193,1381249
6194,16140
6195,820089
6196,1137219
6197,754070
6198,1270096
6199,1511028
6200,779104
6202,732818
6203,930229
6204,1582738
6205,1179941
6206,33982
6207,10832
6208,509961
6209,102152
6458,47226
6210,61317
6211,68010
6212,37162
6213,127473
6214,47721
6215,100950
6216,272484
6217,343797
6218,60780
6219,670954
6220,135021
6221,540768
6222,34012
6223,427272
6224,265364
6225,17537
6226,725723
6227,187966
6228,56149
6229,126831
6230,955273
6231,669434
6232,148030
6233,224099
6234,322711
6235,1090830
6261,245564
6236,249978
6237,919684
6238,178526
6239,658331
6240,322769
6241,275184
6242,66204
6243,194492
6260,74757
6244,187403
6245,778985
6246,904954
6247,155849
6248,257186
6249,1104642
6250,126992
6251,417137
6252,551443
6253,87113
6254,1432946
6255,403874
6256,51623
6257,171983
6258,21301
6259,50174
6262,683111
6263,8110
6264,760842
6265,847501
6266,278581
6267,949425
6268,874138
6269,1338064
6270,66722
6271,283560
6272,228211
6273,231666
6274,146694
6275,486950
6276,1285848
6277,943535
6278,188667
6279,137062
6280,402908
6281,137342
6282,331071
6283,1622041
6284,1634667
6285,362588
6286,2454909
6287,1425545
6288,573723
6289,718680
6290,1245445
6291,144431
6292,802631
6293,24605
6294,300512
6295,198021
6296,98191
6297,285113
6298,47095
6299,60926
6300,325914
6301,142414
6302,299082
6303,271883
6304,83178
6305,361199
6306,775785
6307,333406
6308,304917
6309,448175
6310,394695
6311,320872
6312,40791
6313,335849
6314,614370
6315,277812
6316,21656
6317,161146
6318,1010000
6319,501704
6320,111975
6321,160765
6322,2289429
6323,331368
6324,953863
6325,58292
6326,284961
6327,398712
6328,9967
6329,1090655
6330,750838
6331,364033
6332,6624
6333,62086
6334,109200
6335,143915
6336,122183
6337,109690
6338,386186
6339,279012
6340,128086
6341,29101
6342,46344
6343,5894
6344,103654
6345,96448
6346,407322
6347,320820
6348,141162
6349,179033
6350,338627
6351,10964
6352,290333
6353,350796
6354,3367
6355,403227
6356,189980
6357,426510
6358,311955
6359,248351
6360,382043
6361,251692
6362,571154
6363,1032567
6364,326639
6365,601192
6366,491943
6367,502373
6368,569735
6369,308725
6370,1018802
6371,71262
6372,457410
6373,374344
6374,493364
6375,530821
6376,814587
6377,571554
6378,1089202
6379,460952
6380,530326
6381,470685
6382,221238
6383,111701
6384,115826
6385,1458165
6386,1428469
6387,3480000
6388,615312
6389,154577
6390,360269
6400,1935
6391,744308
6392,68812
6393,231719
6394,161377
6395,153337
6396,3205
6397,106311
6398,354127
6399,206711
6401,8123
6402,0
6403,4266
6404,2506
6405,9148
6406,24642
6407,18572
6408,30536
6409,3237
6410,5570
6411,562706
6413,174685
6414,736139
6415,180626
6416,834033
6417,695735
6418,99402
6419,554373
6420,84497
6438,322425
6421,834852
6422,451395
6423,255153
6424,175261
6425,204049
6426,396647
6427,1301313
6428,704230
6429,1020000
6430,245368
6431,2221285
6432,595064
6433,683065
6434,1191297
6435,597915
6436,755525
6437,13491
6439,167234
6440,26597
6441,33376
6442,14216
6443,49505
6444,465373
6445,242719
6446,199405
6447,330605
6448,198480
6449,265449
6450,182225
6451,144626
6452,227561
6453,106101
6454,152118
6455,935759
6456,482908
6457,331700
6459,285914
6460,344066
6461,1610101
6462,163478
6463,493092
6464,139225
6465,649884
6466,50
6467,107092
6503,277352
6468,637743
6469,132943
6470,354081
6471,886256
6472,823572
6473,1711952
6474,1964000
6475,1113895
6476,674508
6477,439886
6478,537685
6479,76312
6480,175706
6481,145159
6482,106278
6483,555308
6484,795757
6485,61591
6486,775858
6487,270798
6488,87776
6489,281921
6490,8148
6491,74041
6492,500964
6493,1471008
6504,420585
6494,366831
6495,371139
6496,1521246
6497,19954
6498,229591
6499,145936
6500,498230
6501,561932
6502,311583
6505,558814
6506,105496
6507,763507
6508,552185
6509,59315
6510,282392
6511,403489
6512,140671
6513,58982
6514,109824
6515,123415
6516,1025000
6517,102400
6518,826000
6519,887801
6520,830068
6521,253390
6522,925000
6523,142620
6524,2204737
6525,1494659
6526,1419138
6527,2601154
6528,2254123
6529,1176335
6530,909615
6531,1607836
6532,1321434
6533,2092145
6534,317794
6535,611572
6536,323095
6537,254846
6538,572555
6539,1250239
6540,811827
6541,203870
6542,221119
6543,784775
6544,154936
6545,948244
6546,684380
6547,2710640
6548,477244
6549,191089
6550,289357
6551,1632320
6552,1643781
6553,86508
6554,107998
6555,614273
6556,59059
6557,1084881
6558,176616
6559,220512
6560,144124
6561,110201
6562,584877
6563,399983
6564,38842
6565,1394000
6566,1057929
6567,1005794
6568,869077
6569,1061848
6570,580000
6571,841402
6572,597010
6573,877657
6574,482547
6575,655921
6576,587136
6577,466180
6578,500258
6579,60629
6580,41056
6581,517422
6582,1097406
6583,214048
6584,87473
6585,43221
6586,178447
6587,117317
6588,151290
6589,135335
6590,145
6591,5227
6592,1129
6593,437
6594,86738
6595,77207
6596,1423
6597,107752
6598,484488
6599,24132
6600,350
6601,301160
6602,123848
6603,555053
6604,1228467
6605,612776
6606,187824
6607,95856
6608,250326
6609,30085
6610,48930
6611,230983
6612,260493
6613,104236
6614,213260
6615,170583
6616,124669
6617,316254
6618,302067
6619,284351
6620,451924
6621,918573
6622,870000
6623,414504
6624,264293
6625,1304713
6626,1597184
6627,795044
6628,958238
6629,439712
6630,332724
6631,2583506
6632,484873
6633,945227
6634,361548
6635,777498
6636,1157584
6637,1931521
6638,227411
6639,825698
6640,863242
6641,602441
6642,110458
6643,150425
6644,511151
6867,507197
6645,163621
6646,257642
6647,524693
6648,289535
6649,9273
6650,70036
6651,3974112
6652,300022
6653,484862
6654,27139
6655,40466
6656,603144
6657,299270
6667,27326
6658,377581
6659,271322
6660,746861
6661,1000216
6662,272321
6663,86246
6664,742414
6665,925522
6666,13097
6668,518
6669,21863
6670,5015
6671,18089
6672,6124
6673,1477
6674,1302
6675,374
6676,1868
6677,774
6678,1612
6679,1319
6680,33938
6681,45989
6682,1243
6683,1273
6684,37538
6685,8840
6686,83688
6687,47323
6688,270816
6689,6329
6690,433892
6691,25063
6692,213824
6693,69334
6694,97694
6695,91953
6696,484646
6697,678804
6698,202272
6699,393504
6700,1094785
6701,1911277
6702,561072
6703,520774
6704,227818
6705,419567
6706,365437
6707,439233
6708,365433
6709,152609
6710,97199
6711,106451
6712,142017
6713,114087
6714,128131
6715,155513
6716,143865
6717,355047
6718,176303
6719,267084
6720,527638
6721,266775
6722,1447670
6723,89180
6724,47608
6725,47996
6726,8172
6727,9595
6728,52866
6729,11891
6748,132107
6730,32058
6731,25179
6732,8997
6733,16636
6734,27065
6735,11665
6736,36708
6737,30468
6738,21794
6739,17233
6740,12439
6741,21102
6742,10325
6743,68790
6744,11370
6745,158
6746,27596
6747,59025
6749,429955
6750,17933
6751,346035
6752,755067
6753,1167000
6754,178388
6755,331700
6756,12038
6765,78856
6757,37002
6758,24299
6759,18694
6760,364718
6761,178407
6762,371954
6763,477461
6764,30539
6766,360697
6767,25383
6768,29863
6769,56435
6770,1835024
6771,696461
6772,803122
6773,958169
6774,759162
6775,33033
6776,60289
6777,242029
6778,1281472
6779,1035949
6780,1150717
6781,80943
6782,1207757
6783,572013
6784,64185
6785,286918
6786,643034
6787,660475
6788,13735
6789,1364905
6790,342691
6791,1569527
6792,213799
6793,789992
6794,1169757
6795,971191
6796,703926
6797,753844
6798,645336
6799,983590
6800,647779
6801,1535268
6802,634318
6803,1100850
6804,1570477
6805,7805
6806,154
6807,5441
6808,461
6809,3412
6810,3021
6811,3283
6812,26172
6813,43609
6814,2337
6815,346833
6816,581861
6844,103166
6817,652841
6818,652150
6819,1297720
6820,1557407
6821,697096
6822,213947
6823,39971
6824,898424
6825,249684
6826,140059
6827,1616371
6828,885134
6829,1386595
6830,775301
6831,238963
6832,957533
6833,210891
6834,828896
6835,489725
6836,882822
6837,336661
6838,261043
6839,521046
6840,263132
6841,940847
6842,920000
6843,420384
6845,392373
6846,99158
6847,26404
6848,370499
6849,48901
6850,144336
6851,200390
6852,690800
6853,1479615
6854,1422665
6855,1260887
6856,895000
6857,212213
6858,459867
6859,1338000
6860,267435
6861,66313
6862,844584
6863,983446
6864,1680377
6865,855648
6866,662064
6868,830527
6869,1318807
6870,471950
6871,10332
6872,271758
6873,295187
6874,1246463
6875,801828
6876,969378
6877,1270488
6878,996595
6879,1013635
6880,353352
6881,569711
6882,1213101
6883,987694
6884,660779
6885,217000
6886,806817
6887,387681
6888,1307252
6889,133905
6890,572325
6891,613605
6892,1113
6893,293154
6894,586617
6895,396
6896,220813
6897,5700
6898,91222
6899,1464729
6900,750634
6901,361461
6902,578352
6903,683860
6904,573638
6905,473719
6977,223012
6906,489453
6907,841088
6908,688862
6909,648020
6910,924154
6911,79647
6912,827306
6913,261856
6914,265464
6915,19150
6916,388439
6917,806652
6918,3671
6919,182271
6920,869068
6921,847676
6922,395684
6923,767588
6924,1060000
6925,524698
6926,723803
6927,820606
6928,135338
6929,907766
6930,818176
6931,1239328
6932,1467487
6933,145274
6934,840834
6935,239840
6936,1544217
6937,1342042
6938,1595250
6939,588207
6940,1262000
6941,947659
6942,1550407
6943,642862
6944,717904
6945,801337
6946,887000
6947,5917
6948,128030
6949,835194
6950,116253
6951,155963
6952,548572
6953,592366
6954,710746
6955,367026
6956,169160
6957,218960
6958,187865
6959,472070
6960,657614
6961,666562
6962,422830
6963,1261682
6964,465973
6965,212986
6966,418000
6967,1114317
6968,646750
6969,1009469
6970,57180
6971,530756
6972,1296089
6973,131835
6974,113000
6975,68872
6976,106296
6978,295539
6979,434969
6980,146509
6981,550864
6982,167342
6983,14798
6984,701772
6985,1395641
6986,44265
6987,27663
6988,100249
6989,881187
6990,591145
6991,1779063
6992,1052629
6993,155072
6994,335313
6995,378274
6996,1096256
6997,1572883
6998,1240000
6999,1152225
7000,1258202
7001,1328000
7002,1097000
7003,1663457
7004,1101954
7005,1327912
7006,662174
7007,1259445
7008,1494000
7009,200515
7010,56862
7011,46013
7012,1636622
7013,134640
7014,209738
7015,166182
7016,63231
7017,65016
7018,687723
7019,568783
7020,449195
7021,603688
7022,962
7023,176183
7024,194076
7025,1012661
7026,14708
7027,270492
7028,604
7029,240
7030,874
7031,18659
7032,597
7033,23274
7034,202300
7035,433782
7036,978565
7037,125
7038,98354
7039,576386
7040,290993
7041,115326
7042,1151
7043,36848
7044,7356
7045,1099000
7046,12837
7047,218250
7101,101112
7048,3305
7049,77183
7050,123291
7051,827815
7052,223287
7053,74014
7054,279041
7055,554916
7056,1374468
7057,334590
7058,14301
7059,727348
7060,260656
7061,1335794
7062,658318
7063,1097743
7064,2007150
7065,613871
7066,1466000
7067,13030
7068,986000
7069,1201400
7070,1859531
7071,721992
7072,726292
7073,71808
7074,125480
7075,1029914
7076,1691069
7077,88931
7078,183827
7079,82973
7080,26949
7081,280866
7082,816286
7083,990677
7084,129212
7085,1393177
7086,64285
7087,992229
7088,662817
7089,562412
7090,1437116
7091,2213
7092,32910
7093,33139
7094,362447
7095,28229
7096,72193
7097,49812
7098,187608
7099,108310
7100,915150
7102,194453
7103,212376
7104,2144392
7105,4291796
7106,1865385
7107,1491887
7108,578829
7109,1821685
7142,3140000
7110,2436023
7111,1938571
7112,1259958
7113,527429
7114,3004852
7115,1764650
7116,2528071
7117,1319233
7118,3504775
7119,2526135
7120,252068
7121,2904635
7122,4390666
7123,3511690
7124,1679000
7125,1921927
7126,3250798
7127,1842097
7128,2170132
7129,2466000
7130,724865
7131,1664901
7132,3364324
7133,2939723
7134,1354312
7135,707500
7136,6443944
7137,11877110
7138,2729000
7139,4023106
7140,2919295
7141,1793550
7143,1704570
7144,2899399
7145,2814326
7146,1932986
7147,1013988
7148,913331
7149,1619486
7150,2125831
7151,1448000
7152,2282609
7153,1485394
7154,2416817
7155,5214014
7156,1892860
7157,5990913
7158,4528000
7234,716193
7159,2046860
7160,2609829
7161,2233015
7162,2648490
7163,2216418
7164,2082459
7165,3988258
7166,1787332
7167,1748059
7168,1267696
7169,582044
7170,1061532
7171,3617406
7172,2817738
7173,5713603
7174,2338969
7175,1977337
7176,2325063
7177,4149596
7178,2433633
7179,5473104
7180,2110676
7181,3383005
7182,2442565
7183,1594421
7184,2860211
7185,1229665
7186,3425442
7187,2202893
7188,1078437
7189,2042132
7190,11779607
7191,4986908
7192,3803872
7193,2341009
7194,1209199
7195,1745179
7196,836729
7197,2318127
7198,2814379
7199,2992625
7200,1878960
7201,5745532
7202,4547355
7203,3368252
7204,1085000
7205,3496198
7206,1787369
7207,3139980
7208,2644871
7209,2291430
7210,2958718
7211,3081423
7212,885196
7213,3017278
7214,1596598
7215,2564549
7216,1381011
7217,9899167
7218,3562086
7219,2665832
7220,4224611
7221,1206108
7222,3694910
7223,2091036
7224,1930800
7225,4053287
7226,2983947
7227,2464454
7228,5915976
7229,2400340
7230,2185754
7231,1258174
7232,2081014
7233,2808719
7235,1258655
7236,5904238
7237,7385117
7238,2540200
7239,2730735
7240,886318
7241,3162955
7242,9796000
7243,7088788
7244,2417437
7245,3250007
7246,1829613
7247,4036719
7248,6943207
7249,6704352
7250,317797
7259,3160266
7251,5945524
7252,1985569
7253,5054000
7254,2928865
7255,7513155
7256,1458415
7257,4573711
7258,11862073
7260,2065500
7261,2131813
7262,4759523
7263,8097410
7264,2445217
7265,13524139
7266,7994105
7267,10003305
7268,4335481
7269,2823929
7270,10452000
7271,14919501
7272,4733768
7273,1687226
7274,9293301
7275,2880274
7276,8832561
7277,7052831
7278,9813807
7279,14797756
7280,22006300
7281,15834918
7282,4957589
7283,2883306
7284,9709196
7294,208100
7285,6879088
7286,14433148
7287,4135711
7288,4236615
7289,5878790
7290,10100
7291,39200
7292,20200
7293,19550
7295,205605
7296,18700
7297,17700
7298,10200
7299,52500
7300,3900
7301,3078
7302,13000
7303,82400
7335,5037
7304,43200
7305,66100
7306,34300
7307,56200
7308,22600
7309,121500
7310,27200
7311,60800
7312,52200
7313,16600
7314,49200
7315,57800
7316,375600
7317,148200
7318,30300
7319,117700
7320,393400
7321,363200
7322,886591
7323,102400
7324,25263
7325,52500
7326,6756
7327,26300
7328,11100
7329,5202
7330,2172
7331,9750
7332,1857
7333,310
7334,13350
