CityId,NearCoast
1,t
2,f
3,t
4,t
5,f
6,f
7,f
8,t
9,f
10,t
11,t
12,t
13,f
14,f
15,f
16,t
17,t
18,t
19,f
20,f
21,f
22,f
23,f
24,f
25,f
26,t
27,t
28,t
29,t
30,t
31,t
32,t
33,t
34,t
35,f
36,f
37,f
38,f
39,f
40,f
41,f
42,f
43,t
44,t
45,t
46,t
47,t
48,t
49,t
50,t
51,f
52,f
53,f
54,f
55,t
56,t
57,t
58,f
59,t
60,f
61,f
62,f
63,f
64,f
65,f
66,t
67,f
68,f
69,f
70,f
71,f
72,f
73,f
74,f
75,f
76,f
77,f
78,f
79,f
80,f
81,f
82,f
83,f
84,f
85,f
86,f
87,f
88,f
89,f
90,f
91,f
92,f
93,f
94,f
95,f
96,f
97,f
98,f
99,f
100,f
101,f
102,f
103,f
104,f
105,f
106,f
107,f
108,f
109,f
110,f
111,f
112,f
113,f
114,f
115,f
116,f
117,f
118,f
119,f
120,f
121,t
122,t
123,t
124,f
125,f
126,f
127,f
128,f
129,f
130,f
131,f
132,f
133,f
134,f
135,f
136,f
137,t
138,t
139,t
140,t
141,t
142,f
143,f
144,f
145,f
146,f
147,f
148,f
149,f
150,f
151,t
152,t
153,t
154,t
155,f
156,t
157,t
158,f
159,f
160,f
161,t
162,f
163,f
164,f
165,f
166,f
167,f
168,t
169,t
170,t
171,f
172,f
173,t
174,f
175,t
176,f
177,f
178,f
179,t
180,f
181,t
182,f
183,t
184,f
185,f
186,f
187,t
188,f
189,t
190,t
191,t
192,t
193,f
194,t
195,f
196,f
197,f
198,f
199,f
200,f
201,f
202,f
203,f
204,f
205,t
206,f
207,t
208,t
209,t
210,t
211,f
212,f
213,f
214,f
215,f
216,f
217,t
218,t
219,t
220,f
221,t
222,f
223,t
224,t
225,f
226,f
227,f
228,f
229,f
230,f
231,t
232,t
233,t
234,f
235,f
236,f
237,f
238,f
239,t
240,f
241,f
242,t
243,t
244,t
245,f
246,t
247,t
248,f
249,t
250,t
251,f
252,t
253,f
254,t
255,f
256,f
257,f
258,f
259,f
260,f
261,t
262,f
263,t
264,f
265,f
266,f
267,f
268,f
269,f
270,f
271,t
272,t
273,t
274,t
275,t
276,t
277,t
278,t
279,f
280,t
281,t
282,t
283,t
284,t
285,t
286,t
287,t
288,t
289,t
290,t
291,t
292,t
293,f
294,t
295,t
296,f
297,f
298,f
299,t
300,t
301,t
302,t
303,t
304,f
305,f
306,f
307,f
308,f
309,f
310,f
311,f
312,f
313,f
314,f
315,t
316,f
317,f
318,f
319,f
320,f
321,f
322,t
323,f
324,f
325,f
326,t
327,t
328,t
329,t
330,t
331,f
332,t
333,t
334,t
335,t
336,t
337,t
338,t
339,t
340,t
341,t
342,t
343,t
344,f
345,t
346,t
347,f
348,f
349,t
350,f
351,f
352,t
353,t
354,t
355,t
356,t
357,t
358,t
359,f
360,t
361,f
362,f
363,f
364,f
365,f
366,f
367,f
368,f
369,f
370,t
371,t
372,t
373,t
374,f
375,f
376,f
377,f
378,f
379,t
380,f
381,f
382,f
383,t
384,f
385,f
386,f
387,f
388,f
389,f
390,f
391,f
392,t
393,f
394,t
395,t
396,t
397,t
398,t
399,f
400,f
401,t
402,f
403,f
404,f
405,t
406,t
407,t
408,f
409,t
410,t
411,t
412,f
413,t
414,t
415,t
416,f
417,f
418,f
419,f
420,f
421,f
422,f
423,f
424,f
425,f
426,f
427,f
428,f
429,f
430,f
431,f
432,f
433,f
434,f
435,f
436,f
437,f
438,f
439,f
440,f
441,f
442,f
443,f
444,f
445,f
446,f
447,f
448,f
449,f
450,f
451,t
452,t
453,f
454,t
455,f
456,f
457,t
458,f
459,f
460,f
461,f
462,f
463,f
464,f
465,f
466,f
467,f
468,f
469,f
470,f
471,f
472,f
473,f
474,f
475,f
476,f
477,f
478,f
479,f
480,f
481,f
482,f
483,f
484,f
485,f
486,f
487,f
488,f
489,f
490,f
491,f
492,f
493,f
494,f
495,f
496,f
497,f
498,f
499,f
500,f
501,f
502,t
503,f
504,f
505,f
506,f
507,t
508,t
509,f
510,t
511,t
512,t
513,t
514,t
515,f
516,t
517,f
518,t
519,f
520,f
521,f
522,t
523,t
524,f
525,t
526,t
527,f
528,f
529,f
530,t
531,f
532,t
533,f
534,f
535,t
536,f
537,f
538,f
539,f
540,f
541,t
542,f
543,f
544,t
545,f
546,f
547,f
548,f
549,f
550,f
551,f
552,f
553,f
554,f
555,f
556,t
557,f
558,f
559,f
560,t
561,t
562,f
563,f
564,t
565,f
566,t
567,t
568,t
569,t
570,t
571,t
572,t
573,t
574,f
575,f
576,f
577,f
578,f
579,f
580,f
581,t
582,f
583,t
584,t
585,t
586,t
587,t
588,f
589,f
590,f
591,f
592,f
593,f
594,f
595,f
596,f
597,f
598,f
599,f
600,f
601,f
602,t
603,f
604,f
605,f
606,f
607,f
608,t
609,t
610,t
611,t
612,t
613,f
614,t
615,t
616,f
617,f
618,f
619,f
620,f
621,f
622,f
623,f
624,f
625,t
626,f
627,f
628,f
629,f
630,f
631,f
632,f
633,f
634,f
635,f
636,f
637,f
638,f
639,f
640,f
641,f
642,f
643,f
644,f
645,f
646,f
647,f
648,f
649,f
650,f
651,f
652,f
653,f
654,f
655,t
656,t
657,t
658,t
659,f
660,f
661,f
662,f
663,t
664,t
665,f
666,f
667,f
668,f
669,f
670,f
671,f
672,f
673,f
674,f
675,t
676,t
677,t
678,f
679,f
680,f
681,t
682,t
683,f
684,f
685,t
686,t
687,t
688,t
689,f
690,t
691,f
692,f
693,f
694,f
695,f
696,t
697,t
698,t
699,t
700,t
701,t
702,t
703,t
704,t
705,f
706,f
707,t
708,t
709,f
710,f
711,f
712,f
713,f
714,f
715,f
716,f
717,f
718,f
719,f
720,f
721,f
722,f
723,f
724,f
725,f
726,f
727,f
728,f
729,f
730,f
731,f
732,f
733,f
734,f
735,f
736,f
737,f
738,f
739,f
740,f
741,f
742,f
743,f
744,f
745,f
746,f
747,f
748,f
749,f
750,t
751,t
752,f
753,f
754,f
755,f
756,f
757,f
758,f
759,f
760,f
761,f
762,t
763,t
764,t
765,f
766,t
767,f
768,t
769,f
770,f
771,f
772,f
773,t
774,f
775,t
776,f
777,t
778,f
779,t
780,t
781,t
782,f
783,t
784,t
785,t
786,t
787,f
788,f
789,f
790,f
791,f
792,f
793,f
794,t
795,f
796,t
797,f
798,t
799,t
800,f
801,f
802,f
803,t
804,f
805,f
806,f
807,f
808,f
809,f
810,t
811,t
812,t
813,t
814,t
815,t
816,t
817,t
818,f
819,t
820,t
821,t
822,f
823,t
824,f
825,f
826,t
827,f
828,t
829,f
830,f
831,f
832,f
833,f
834,f
835,f
836,f
837,f
838,f
839,f
840,t
841,f
842,f
843,f
844,f
845,f
846,f
847,f
848,f
849,t
850,f
851,f
852,f
853,f
854,f
855,t
856,t
857,t
858,t
859,f
860,t
861,f
862,f
863,f
864,f
865,f
866,f
867,f
868,f
869,f
870,f
871,f
872,f
873,t
874,f
875,t
876,f
877,f
878,t
879,t
880,t
881,t
882,t
883,t
884,t
885,t
886,t
887,t
888,t
889,t
890,t
891,t
892,f
893,f
894,t
895,f
896,f
897,t
898,f
899,t
900,f
901,t
902,t
903,f
904,f
905,t
906,t
907,t
908,t
909,t
910,f
911,f
912,f
913,t
914,f
915,t
916,f
917,f
918,f
919,f
920,f
921,f
922,f
923,t
924,f
925,t
926,f
927,f
928,f
929,f
930,f
931,f
932,f
933,t
934,f
935,t
936,f
937,f
938,f
939,t
940,f
941,f
942,t
943,f
944,f
945,f
946,t
947,f
948,f
949,f
950,t
951,t
952,f
953,f
954,f
955,f
956,f
957,f
958,f
959,f
960,f
961,f
962,f
963,f
964,f
965,f
966,f
967,f
968,f
969,f
970,f
971,f
972,t
973,f
974,t
975,f
976,f
977,f
978,t
979,f
980,f
981,t
982,f
983,f
984,f
985,f
986,f
987,f
988,f
989,f
990,f
991,t
992,t
993,f
994,f
995,f
996,f
997,f
998,f
999,f
1000,f
1001,f
1002,f
1003,f
1004,f
1005,f
1006,f
1007,f
1008,f
1009,f
1010,f
1011,t
1012,t
1013,t
1014,f
1015,t
1016,t
1017,t
1018,t
1019,f
1020,f
1021,f
1022,f
1023,f
1024,f
1025,t
1026,t
1027,t
1028,t
1029,t
1030,t
1031,t
1032,t
1033,t
1034,t
1035,f
1036,f
1037,f
1038,f
1039,f
1040,f
1041,f
1042,f
1043,f
1044,f
1045,f
1046,f
1047,f
1048,f
1049,t
1050,t
1051,t
1052,f
1053,f
1054,f
1055,f
1056,f
1057,f
1058,f
1059,f
1060,f
1061,f
1062,f
1063,f
1064,f
1065,f
1066,f
1067,f
1068,f
1069,f
1070,f
1071,f
1072,f
1073,f
1074,f
1075,f
1076,f
1077,f
1078,f
1079,f
1080,f
1081,f
1082,f
1083,f
1084,f
1085,f
1086,f
1087,f
1088,f
1089,f
1090,f
1091,f
1092,f
1093,f
1094,f
1095,f
1096,t
1097,f
1098,f
1099,f
1100,f
1101,f
1102,f
1103,t
1104,f
1105,t
1106,t
1107,f
1108,f
1109,t
1110,f
1111,t
1112,t
1113,t
1114,t
1115,t
1116,f
1117,f
1118,f
1119,f
1120,f
1121,f
1122,t
1123,t
1124,t
1125,f
1126,f
1127,f
1128,f
1129,f
1130,f
1131,f
1132,f
1133,f
1134,f
1135,t
1136,f
1137,f
1138,f
1139,t
1140,t
1141,f
1142,f
1143,f
1144,t
1145,f
1146,f
1147,f
1148,f
1149,f
1150,f
1151,t
1152,t
1153,f
1154,f
1155,t
1156,f
1157,t
1158,t
1159,f
1160,t
1161,t
1162,f
1163,f
1164,t
1165,f
1166,f
1167,f
1168,t
1169,f
1170,t
1171,f
1172,f
1173,f
1174,f
1175,f
1176,f
1177,f
1178,f
1179,f
1180,f
1181,f
1182,f
1183,f
1184,f
1185,f
1186,f
1187,f
1188,t
1189,t
1190,t
1191,t
1192,f
1193,f
1194,t
1195,f
1196,f
1197,t
1198,t
1199,t
1200,t
1201,t
1202,f
1203,t
1204,t
1205,t
1206,t
1207,t
1208,t
1209,f
1210,f
1211,f
1212,f
1213,f
1214,f
1215,t
1216,t
1217,f
1218,f
1219,f
1220,f
1221,t
1222,t
1223,f
1224,f
1225,t
1226,t
1227,t
1228,f
1229,f
1230,t
1231,f
1232,f
1233,f
1234,f
1235,f
1236,t
1237,t
1238,t
1239,t
1240,t
1241,f
1242,t
1243,t
1244,t
1245,t
1246,t
1247,t
1248,f
1249,f
1250,f
1251,f
1252,f
1253,f
1254,t
1255,t
1256,t
1257,f
1258,f
1259,f
1260,f
1261,t
1262,t
1263,t
1264,t
1265,f
1266,f
1267,f
1268,f
1269,f
1270,f
1271,f
1272,f
1273,t
1274,t
1275,f
1276,f
1277,f
1278,t
1279,f
1280,f
1281,f
1282,f
1283,f
1284,f
1285,f
1286,f
1287,t
1288,f
1289,f
1290,f
1291,f
1292,f
1293,f
1294,f
1295,f
1296,f
1297,f
1298,f
1299,f
1300,f
1301,f
1302,f
1303,f
1304,t
1305,t
1306,t
1307,f
1308,t
1309,t
1310,t
1311,t
1312,t
1313,f
1314,f
1315,f
1316,f
1317,f
1318,t
1319,t
1320,t
1321,f
1322,f
1323,f
1324,f
1325,f
1326,f
1327,f
1328,f
1329,f
1330,f
1331,f
1332,f
1333,f
1334,f
1335,t
1336,t
1337,t
1338,f
1339,t
1340,t
1341,f
1342,t
1343,t
1344,t
1345,f
1346,t
1347,f
1348,t
1349,t
1350,t
1351,t
1352,t
1353,f
1354,f
1355,f
1356,f
1357,f
1358,f
1359,f
1360,f
1361,t
1362,t
1363,f
1364,f
1365,t
1366,f
1367,f
1368,t
1369,t
1370,t
1371,f
1372,f
1373,f
1374,f
1375,f
1376,t
1377,t
1378,f
1379,t
1380,t
1381,t
1382,f
1383,f
1384,t
1385,t
1386,t
1387,t
1388,t
1389,f
1390,t
1391,f
1392,f
1393,f
1394,t
1395,t
1396,t
1397,t
1398,t
1399,t
1400,f
1401,t
1402,f
1403,t
1404,t
1405,t
1406,t
1407,f
1408,t
1409,t
1410,t
1411,t
1412,t
1413,t
1414,f
1415,f
1416,t
1417,f
1418,t
1419,f
1420,f
1421,f
1422,f
1423,f
1424,f
1425,t
1426,f
1427,f
1428,f
1429,f
1430,f
1431,f
1432,f
1433,f
1434,f
1435,f
1436,f
1437,f
1438,f
1439,f
1440,f
1441,f
1442,f
1443,f
1444,f
1445,f
1446,f
1447,f
1448,f
1449,t
1450,t
1451,f
1452,f
1453,f
1454,f
1455,f
1456,t
1457,t
1458,f
1459,t
1460,f
1461,t
1462,t
1463,f
1464,f
1465,f
1466,f
1467,f
1468,f
1469,f
1470,f
1471,f
1472,f
1473,f
1474,f
1475,f
1476,f
1477,f
1478,f
1479,f
1480,f
1481,f
1482,f
1483,f
1484,f
1485,f
1486,f
1487,f
1488,f
1489,f
1490,f
1491,f
1492,f
1493,t
1494,f
1495,t
1496,t
1497,f
1498,f
1499,f
1500,f
1501,t
1502,f
1503,f
1504,f
1505,f
1506,f
1507,f
1508,f
1509,f
1510,t
1511,t
1512,f
1513,f
1514,f
1515,f
1516,f
1517,f
1518,f
1519,f
1520,f
1521,t
1522,t
1523,t
1524,t
1525,t
1526,t
1527,f
1528,f
1529,f
1530,t
1531,t
1532,f
1533,f
1534,f
1535,f
1536,f
1537,f
1538,t
1539,f
1540,t
1541,f
1542,f
1543,f
1544,f
1545,t
1546,t
1547,t
1548,t
1549,t
1550,t
1551,t
1552,t
1553,f
1554,f
1555,f
1556,f
1557,f
1558,f
1559,f
1560,f
1561,f
1562,f
1563,f
1564,f
1565,f
1566,f
1567,f
1568,f
1569,f
1570,f
1571,f
1572,f
1573,f
1574,t
1575,t
1576,t
1577,f
1578,f
1579,f
1580,t
1581,f
1582,f
1583,f
1584,f
1585,f
1586,f
1587,f
1588,f
1589,f
1590,f
1591,f
1592,f
1593,f
1594,f
1595,f
1596,t
1597,t
1598,t
1599,f
1600,t
1601,t
1602,t
1603,t
1604,f
1605,t
1606,f
1607,t
1608,t
1609,t
1610,f
1611,f
1612,t
1613,t
1614,t
1615,t
1616,t
1617,t
1618,t
1619,t
1620,t
1621,f
1622,f
1623,t
1624,f
1625,t
1626,f
1627,f
1628,f
1629,t
1630,t
1631,f
1632,f
1633,f
1634,f
1635,f
1636,f
1637,f
1638,f
1639,f
1640,f
1641,f
1642,f
1643,f
1644,f
1645,f
1646,f
1647,f
1648,f
1649,f
1650,f
1651,t
1652,f
1653,t
1654,f
1655,f
1656,f
1657,f
1658,f
1659,f
1660,t
1661,t
1662,t
1663,f
1664,t
1665,f
1666,f
1667,f
1668,f
1669,f
1670,f
1671,f
1672,f
1673,f
1674,f
1675,f
1676,f
1677,f
1678,f
1679,f
1680,f
1681,f
1682,f
1683,f
1684,f
1685,f
1686,f
1687,f
1688,f
1689,f
1690,f
1691,f
1692,f
1693,f
1694,f
1695,f
1696,t
1697,f
1698,f
1699,f
1700,f
1701,f
1702,t
1703,f
1704,f
1705,f
1706,t
1707,f
1708,f
1709,f
1710,t
1711,t
1712,f
1713,f
1714,f
1715,f
1716,f
1717,f
1718,f
1719,f
1720,t
1721,f
1722,f
1723,f
1724,f
1725,f
1726,f
1727,f
1728,f
1729,f
1730,f
1731,t
1732,t
1733,t
1734,t
1735,f
1736,t
1737,t
1738,t
1739,f
1740,t
1741,f
1742,f
1743,f
1744,t
1745,f
1746,f
1747,f
1748,f
1749,f
1750,f
1751,f
1752,f
1753,f
1754,f
1755,f
1756,f
1757,f
1758,f
1759,f
1760,f
1761,f
1762,f
1763,f
1764,f
1765,f
1766,f
1767,f
1768,f
1769,f
1770,f
1771,f
1772,f
1773,f
1774,f
1775,f
1776,t
1777,t
1778,f
1779,f
1780,t
1781,t
1782,t
1783,t
1784,t
1785,f
1786,t
1787,t
1788,t
1789,t
1790,t
1791,t
1792,t
1793,t
1794,t
1795,t
1796,t
1797,f
1798,t
1799,f
1800,f
1801,f
1802,t
1803,f
1804,f
1805,f
1806,f
1807,f
1808,f
1809,f
1810,f
1811,f
1812,f
1813,f
1814,f
1815,f
1816,t
1817,t
1818,t
1819,f
1820,f
1821,f
1822,f
1823,f
1824,f
1825,t
1826,t
1827,f
1828,t
1829,t
1830,t
1831,f
1832,f
1833,f
1834,f
1835,f
1836,f
1837,f
1838,f
1839,t
1840,t
1841,f
1842,f
1843,t
1844,f
1845,f
1846,t
1847,f
1848,f
1849,f
1850,t
1851,t
1852,t
1853,t
1854,t
1855,f
1856,f
1857,f
1858,t
1859,f
1860,f
1861,t
1862,f
1863,f
1864,f
1865,f
1866,f
1867,f
1868,f
1869,f
1870,f
1871,f
1872,f
1873,f
1874,f
1875,f
1876,f
1877,f
1878,f
1879,f
1880,f
1881,f
1882,f
1883,f
1884,f
1885,t
1886,f
1887,t
1888,f
1889,f
1890,f
1891,f
1892,f
1893,f
1894,f
1895,f
1896,f
1897,f
1898,f
1899,f
1900,f
1901,f
1902,f
1903,f
1904,f
1905,f
1906,f
1907,f
1908,f
1909,f
1910,f
1911,f
1912,f
1913,f
1914,f
1915,f
1916,f
1917,f
1918,f
1919,f
1920,f
1921,f
1922,f
1923,f
1924,f
1925,f
1926,f
1927,f
1928,f
1929,f
1930,f
1931,f
1932,f
1933,f
1934,f
1935,f
1936,f
1937,f
1938,f
1939,f
1940,f
1941,f
1942,f
1943,f
1944,f
1945,f
1946,t
1947,f
1948,f
1949,f
1950,f
1951,f
1952,t
1953,t
1954,f
1955,f
1956,f
1957,f
1958,f
1959,f
1960,t
1961,t
1962,t
1963,t
1964,t
1965,f
1966,f
1967,f
1968,f
1969,f
1970,f
1971,f
1972,t
1973,t
1974,t
1975,t
1976,f
1977,t
1978,t
1979,t
1980,t
1981,t
1982,f
1983,f
1984,f
1985,f
1986,f
1987,t
1988,t
1989,t
1990,t
1991,f
1992,t
1993,t
1994,t
1995,t
1996,t
1997,t
1998,f
1999,f
2000,f
2001,f
2002,f
2003,f
2004,f
2005,t
2006,f
2007,f
2008,f
2009,f
2010,f
2011,f
2012,f
2013,f
2014,f
2015,t
2016,f
2017,f
2018,f
2019,f
2020,f
2021,f
2022,f
2023,f
2024,f
2025,f
2026,f
2027,f
2028,f
2029,f
2030,f
2031,f
2032,f
2033,f
2034,f
2035,f
2036,t
2037,f
2038,t
2039,f
2040,f
2041,f
2042,f
2043,t
2044,f
2045,f
2046,f
2047,f
2048,f
2049,f
2050,t
2051,t
2052,f
2053,f
2054,f
2055,f
2056,f
2057,f
2058,f
2059,f
2060,f
2061,f
2062,f
2063,f
2064,f
2065,f
2066,f
2067,t
2068,f
2069,t
2070,t
2071,f
2072,f
2073,f
2074,f
2075,f
2076,f
2077,f
2078,f
2079,f
2080,f
2081,f
2082,f
2083,f
2084,t
2085,f
2086,f
2087,f
2088,t
2089,f
2090,t
2091,f
2092,f
2093,f
2094,f
2095,t
2096,f
2097,t
2098,t
2099,t
2100,f
2101,f
2102,f
2103,f
2104,f
2105,f
2106,f
2107,f
2108,f
2109,f
2110,f
2111,f
2112,f
2113,t
2114,t
2115,f
2116,t
2117,f
2118,f
2119,f
2120,t
2121,f
2122,f
2123,f
2124,f
2125,f
2126,t
2127,t
2128,f
2129,t
2130,f
2131,t
2132,t
2133,t
2134,f
2135,f
2136,t
2137,f
2138,t
2139,t
2140,f
2141,f
2142,f
2143,f
2144,f
2145,f
2146,f
2147,f
2148,f
2149,t
2150,f
2151,t
2152,f
2153,f
2154,t
2155,t
2156,t
2157,t
2158,t
2159,t
2160,t
2161,t
2162,t
2163,t
2164,t
2165,t
2166,t
2167,f
2168,t
2169,t
2170,t
2171,f
2172,f
2173,f
2174,t
2175,t
2176,t
2177,f
2178,f
2179,t
2180,t
2181,f
2182,f
2183,t
2184,t
2185,t
2186,f
2187,f
2188,t
2189,t
2190,f
2191,t
2192,t
2193,t
2194,t
2195,t
2196,t
2197,t
2198,t
2199,f
2200,f
2201,f
2202,f
2203,f
2204,f
2205,f
2206,f
2207,f
2208,t
2209,f
2210,f
2211,f
2212,f
2213,f
2214,f
2215,f
2216,f
2217,f
2218,t
2219,t
2220,f
2221,t
2222,f
2223,t
2224,t
2225,f
2226,t
2227,f
2228,f
2229,f
2230,f
2231,f
2232,f
2233,f
2234,f
2235,f
2236,f
2237,f
2238,f
2239,f
2240,f
2241,f
2242,f
2243,f
2244,t
2245,t
2246,t
2247,t
2248,f
2249,f
2250,f
2251,f
2252,f
2253,f
2254,f
2255,f
2256,f
2257,f
2258,f
2259,f
2260,f
2261,f
2262,f
2263,t
2264,f
2265,t
2266,t
2267,t
2268,t
2269,t
2270,f
2271,t
2272,t
2273,t
2274,t
2275,t
2276,f
2277,t
2278,f
2279,f
2280,f
2281,f
2282,f
2283,f
2284,f
2285,f
2286,f
2287,f
2288,f
2289,t
2290,f
2291,t
2292,f
2293,t
2294,f
2295,f
2296,t
2297,f
2298,f
2299,t
2300,t
2301,t
2302,t
2303,t
2304,t
2305,f
2306,t
2307,t
2308,t
2309,t
2310,t
2311,t
2312,f
2313,f
2314,f
2315,f
2316,f
2317,f
2318,f
2319,f
2320,f
2321,f
2322,f
2323,f
2324,f
2325,f
2326,f
2327,f
2328,f
2329,f
2330,f
2331,f
2332,f
2333,f
2334,f
2335,f
2336,f
2337,f
2338,f
2339,f
2340,f
2341,f
2342,f
2343,f
2344,f
2345,f
2346,f
2347,f
2348,t
2349,t
2350,t
2351,t
2352,f
2353,f
2354,t
2355,f
2356,t
2357,t
2358,t
2359,t
2360,t
2361,t
2362,t
2363,t
2364,t
2365,f
2366,f
2367,t
2368,f
2369,f
2370,f
2371,f
2372,f
2373,f
2374,f
2375,f
2376,f
2377,f
2378,f
2379,f
2380,t
2381,t
2382,t
2383,t
2384,t
2385,t
2386,t
2387,f
2388,t
2389,t
2390,f
2391,t
2392,t
2393,t
2394,t
2395,t
2396,t
2397,t
2398,t
2399,t
2400,t
2401,f
2402,t
2403,f
2404,t
2405,t
2406,t
2407,f
2408,f
2409,t
2410,f
2411,f
2412,t
2413,t
2414,t
2415,t
2416,f
2417,t
2418,f
2419,t
2420,f
2421,f
2422,f
2423,f
2424,f
2425,t
2426,t
2427,t
2428,t
2429,t
2430,f
2431,t
2432,t
2433,t
2434,t
2435,t
2436,t
2437,t
2438,f
2439,f
2440,t
2441,t
2442,f
2443,t
2444,t
2445,f
2446,f
2447,f
2448,f
2449,f
2450,f
2451,f
2452,f
2453,f
2454,t
2455,f
2456,f
2457,f
2458,f
2459,f
2460,f
2461,f
2462,f
2463,f
2464,f
2465,f
2466,f
2467,f
2468,f
2469,f
2470,f
2471,f
2472,f
2473,f
2474,f
2475,f
2476,f
2477,f
2478,f
2479,f
2480,f
2481,f
2482,f
2483,f
2484,f
2485,f
2486,f
2487,f
2488,f
2489,f
2490,f
2491,f
2492,f
2493,f
2494,f
2495,f
2496,f
2497,f
2498,f
2499,f
2500,f
2501,f
2502,f
2503,f
2504,f
2505,t
2506,t
2507,t
2508,t
2509,f
2510,f
2511,f
2512,f
2513,t
2514,f
2515,f
2516,f
2517,f
2518,f
2519,f
2520,f
2521,f
2522,f
2523,f
2524,f
2525,f
2526,t
2527,t
2528,f
2529,f
2530,t
2531,t
2532,t
2533,t
2534,t
2535,t
2536,f
2537,f
2538,f
2539,f
2540,f
2541,f
2542,f
2543,f
2544,f
2545,t
2546,t
2547,f
2548,f
2549,f
2550,f
2551,f
2552,f
2553,f
2554,f
2555,f
2556,f
2557,f
2558,f
2559,f
2560,f
2561,f
2562,f
2563,f
2564,f
2565,t
2566,f
2567,t
2568,f
2569,t
2570,f
2571,t
2572,f
2573,f
2574,f
2575,f
2576,f
2577,t
2578,f
2579,f
2580,f
2581,f
2582,f
2583,f
2584,f
2585,f
2586,f
2587,f
2588,f
2589,f
2590,f
2591,f
2592,f
2593,f
2594,f
2595,t
2596,t
2597,f
2598,f
2599,f
2600,t
2601,t
2602,t
2603,f
2604,f
2605,f
2606,f
2607,f
2608,f
2609,f
2610,f
2611,f
2612,f
2613,f
2614,f
2615,f
2616,t
2617,t
2618,f
2619,t
2620,t
2621,t
2622,t
2623,t
2624,f
2625,t
2626,t
2627,t
2628,t
2629,f
2630,f
2631,t
2632,f
2633,f
2634,f
2635,f
2636,f
2637,f
2638,f
2639,f
2640,f
2641,f
2642,f
2643,f
2644,f
2645,f
2646,f
2647,f
2648,f
2649,f
2650,f
2651,f
2652,f
2653,f
2654,f
2655,f
2656,f
2657,f
2658,f
2659,f
2660,t
2661,t
2662,t
2663,t
2664,t
2665,t
2666,t
2667,t
2668,t
2669,t
2670,t
2671,f
2672,f
2673,f
2674,f
2675,f
2676,t
2677,f
2678,t
2679,f
2680,t
2681,t
2682,f
2683,f
2684,f
2685,f
2686,f
2687,f
2688,f
2689,f
2690,f
2691,f
2692,f
2693,f
2694,f
2695,f
2696,f
2697,f
2698,f
2699,f
2700,f
2701,f
2702,f
2703,f
2704,t
2705,t
2706,t
2707,t
2708,t
2709,t
2710,t
2711,t
2712,f
2713,t
2714,t
2715,t
2716,t
2717,t
2718,f
2719,f
2720,f
2721,f
2722,f
2723,t
2724,t
2725,t
2726,t
2727,t
2728,f
2729,f
2730,f
2731,f
2732,f
2733,t
2734,f
2735,f
2736,t
2737,f
2738,f
2739,f
2740,f
2741,f
2742,f
2743,t
2744,f
2745,f
2746,f
2747,f
2748,f
2749,f
2750,f
2751,f
2752,t
2753,f
2754,f
2755,f
2756,f
2757,f
2758,f
2759,f
2760,f
2761,f
2762,f
2763,f
2764,f
2765,f
2766,t
2767,t
2768,t
2769,t
2770,f
2771,f
2772,t
2773,t
2774,t
2775,f
2776,f
2777,t
2778,f
2779,t
2780,t
2781,t
2782,f
2783,t
2784,t
2785,t
2786,t
2787,t
2788,t
2789,t
2790,t
2791,t
2792,t
2793,f
2794,f
2795,t
2796,t
2797,f
2798,f
2799,t
2800,t
2801,f
2802,f
2803,f
2804,f
2805,f
2806,f
2807,t
2808,f
2809,t
2810,t
2811,f
2812,f
2813,t
2814,t
2815,t
2816,t
2817,f
2818,t
2819,t
2820,t
2821,t
2822,f
2823,f
2824,t
2825,t
2826,f
2827,f
2828,f
2829,f
2830,f
2831,f
2832,f
2833,f
2834,f
2835,f
2836,f
2837,t
2838,f
2839,t
2840,t
2841,t
2842,t
2843,f
2844,f
2845,f
2846,f
2847,f
2848,f
2849,t
2850,t
2851,f
2852,f
2853,f
2854,f
2855,f
2856,f
2857,f
2858,f
2859,f
2860,f
2861,f
2862,f
2863,f
2864,f
2865,f
2866,f
2867,f
2868,f
2869,f
2870,f
2871,f
2872,f
2873,f
2874,f
2875,f
2876,f
2877,f
2878,f
2879,f
2880,f
2881,f
2882,f
2883,f
2884,f
2885,f
2886,f
2887,f
2888,f
2889,f
2890,f
2891,f
2892,f
2893,f
2894,f
2895,f
2896,f
2897,f
2898,f
2899,t
2900,t
2901,f
2902,f
2903,t
2904,f
2905,t
2906,f
2907,f
2908,f
2909,f
2910,f
2911,f
2912,f
2913,f
2914,f
2915,f
2916,f
2917,f
2918,f
2919,f
2920,f
2921,f
2922,f
2923,f
2924,f
2925,f
2926,f
2927,f
2928,f
2929,f
2930,f
2931,t
2932,t
2933,t
2934,t
2935,f
2936,f
2937,f
2938,f
2939,f
2940,f
2941,f
2942,f
2943,f
2944,f
2945,f
2946,f
2947,f
2948,f
2949,f
2950,f
2951,f
2952,f
2953,f
2954,f
2955,f
2956,f
2957,f
2958,f
2959,f
2960,f
2961,f
2962,f
2963,f
2964,f
2965,f
2966,f
2967,f
2968,f
2969,f
2970,f
2971,f
2972,f
2973,f
2974,f
2975,f
2976,f
2977,f
2978,f
2979,f
2980,f
2981,f
2982,f
2983,f
2984,f
2985,f
2986,f
2987,f
2988,f
2989,f
2990,f
2991,f
2992,f
2993,f
2994,f
2995,f
2996,f
2997,f
2998,f
2999,f
3000,f
3001,f
3002,f
3003,f
3004,f
3005,f
3006,f
3007,f
3008,f
3009,t
3010,t
3011,t
3012,f
3013,t
3014,f
3015,t
3016,t
3017,t
3018,t
3019,t
3020,t
3021,t
3022,t
3023,t
3024,t
3025,t
3026,t
3027,f
3028,t
3029,t
3030,t
3031,t
3032,t
3033,t
3034,t
3035,t
3036,t
3037,t
3038,t
3039,t
3040,t
3041,f
3042,f
3043,f
3044,f
3045,f
3046,f
3047,f
3048,f
3049,f
3050,f
3051,f
3052,f
3053,f
3054,f
3055,f
3056,t
3057,t
3058,f
3059,f
3060,f
3061,f
3062,f
3063,f
3064,f
3065,t
3066,f
3067,t
3068,t
3069,f
3070,f
3071,f
3072,f
3073,f
3074,f
3075,f
3076,f
3077,t
3078,t
3079,f
3080,f
3081,f
3082,f
3083,t
3084,f
3085,f
3086,t
3087,t
3088,t
3089,t
3090,t
3091,t
3092,t
3093,f
3094,f
3095,f
3096,t
3097,t
3098,t
3099,t
3100,t
3101,f
3102,f
3103,f
3104,f
3105,f
3106,f
3107,f
3108,f
3109,f
3110,f
3111,f
3112,f
3113,t
3114,t
3115,t
3116,t
3117,t
3118,t
3119,f
3120,t
3121,t
3122,f
3123,f
3124,f
3125,t
3126,f
3127,f
3128,f
3129,f
3130,f
3131,f
3132,f
3133,f
3134,f
3135,t
3136,t
3137,t
3138,t
3139,f
3140,f
3141,f
3142,f
3143,t
3144,f
3145,t
3146,f
3147,t
3148,t
3149,t
3150,t
3151,t
3152,t
3153,t
3154,t
3155,t
3156,f
3157,f
3158,f
3159,f
3160,f
3161,t
3162,f
3163,f
3164,f
3165,f
3166,t
3167,f
3168,t
3169,f
3170,f
3171,f
3172,t
3173,t
3174,t
3175,f
3176,t
3177,t
3178,t
3179,t
3180,t
3181,t
3182,t
3183,f
3184,t
3185,f
3186,f
3187,f
3188,f
3189,f
3190,f
3191,f
3192,f
3193,f
3194,f
3195,f
3196,f
3197,f
3198,f
3199,f
3200,f
3201,f
3202,f
3203,f
3204,f
3205,f
3206,f
3207,f
3208,f
3209,f
3210,t
3211,t
3212,f
3213,f
3214,t
3215,f
3216,f
3217,f
3218,f
3219,t
3220,t
3221,f
3222,f
3223,f
3224,f
3225,f
3226,f
3227,f
3228,f
3229,f
3230,f
3231,f
3232,f
3233,f
3234,f
3235,t
3236,f
3237,f
3238,f
3239,f
3240,f
3241,f
3242,f
3243,f
3244,f
3245,f
3246,f
3247,f
3248,f
3249,f
3250,f
3251,f
3252,f
3253,f
3254,f
3255,t
3256,f
3257,f
3258,t
3259,f
3260,f
3261,f
3262,t
3263,t
3264,t
3265,t
3266,f
3267,t
3268,t
3269,f
3270,t
3271,f
3272,t
3273,f
3274,t
3275,f
3276,f
3277,f
3278,f
3279,f
3280,f
3281,f
3282,f
3283,f
3284,f
3285,f
3286,f
3287,f
3288,f
3289,f
3290,f
3291,f
3292,f
3293,f
3294,f
3295,f
3296,f
3297,t
3298,t
3299,t
3300,t
3301,f
3302,t
3303,f
3304,t
3305,f
3306,t
3307,f
3308,f
3309,f
3310,f
3311,t
3312,f
3313,f
3314,f
3315,f
3316,f
3317,f
3318,f
3319,f
3320,f
3321,f
3322,f
3323,t
3324,t
3325,t
3326,t
3327,t
3328,t
3329,t
3330,f
3331,t
3332,t
3333,t
3334,t
3335,t
3336,t
3337,t
3338,t
3339,t
3340,t
3341,t
3342,t
3343,t
3344,t
3345,t
3346,t
3347,t
3348,t
3349,t
3350,t
3351,t
3352,t
3353,t
3354,t
3355,t
3356,f
3357,f
3358,f
3359,f
3360,f
3361,t
3362,t
3363,f
3364,t
3365,t
3366,t
3367,t
3368,f
3369,f
3370,t
3371,t
3372,t
3373,t
3374,t
3375,t
3376,t
3377,t
3378,t
3379,t
3380,t
3381,t
3382,t
3383,t
3384,t
3385,f
3386,t
3387,f
3388,f
3389,f
3390,f
3391,t
3392,f
3393,f
3394,f
3395,t
3396,f
3397,f
3398,f
3399,f
3400,f
3401,f
3402,t
3403,f
3404,f
3405,t
3406,f
3407,f
3408,f
3409,f
3410,f
3411,f
3412,t
3413,t
3414,t
3415,f
3416,f
3417,t
3418,f
3419,f
3420,f
3421,f
3422,t
3423,f
3424,f
3425,f
3426,f
3427,f
3428,t
3429,t
3430,t
3431,t
3432,t
3433,t
3434,t
3435,t
3436,t
3437,t
3438,t
3439,t
3440,t
3441,t
3442,f
3443,t
3444,t
3445,t
3446,t
3447,t
3448,t
3449,t
3450,t
3451,f
3452,t
3453,t
3454,t
3455,t
3456,t
3457,t
3458,t
3459,t
3460,t
3461,t
3462,f
3463,f
3464,f
3465,f
3466,f
3467,t
3468,t
3469,t
3470,t
3471,f
3472,f
3473,f
3474,f
3475,f
3476,f
3477,f
3478,t
3479,f
3480,f
3481,f
3482,f
3483,t
3484,f
3485,t
3486,t
3487,t
3488,t
3489,t
3490,t
3491,t
3492,t
3493,t
3494,t
3495,t
3496,t
3497,t
3498,t
3499,t
3500,t
3501,t
3502,t
3503,t
3504,t
3505,t
3506,f
3507,f
3508,f
3509,f
3510,f
3511,t
3512,f
3513,f
3514,f
3515,t
3516,f
3517,f
3518,t
3519,t
3520,t
3521,f
3522,f
3523,t
3524,t
3525,t
3526,f
3527,f
3528,f
3529,f
3530,f
3531,f
3532,f
3533,f
3534,t
3535,t
3536,t
3537,t
3538,t
3539,f
3540,f
3541,f
3542,f
3543,f
3544,f
3545,f
3546,f
3547,f
3548,f
3549,f
3550,f
3551,t
3552,f
3553,f
3554,f
3555,f
3556,f
3557,f
3558,f
3559,f
3560,t
3561,t
3562,t
3563,f
3564,t
3565,t
3566,t
3567,t
3568,t
3569,t
3570,t
3571,t
3572,f
3573,f
3574,f
3575,f
3576,t
3577,f
3578,f
3579,f
3580,f
3581,f
3582,f
3583,t
3584,t
3585,t
3586,t
3587,f
3588,f
3589,f
3590,f
3591,f
3592,f
3593,f
3594,f
3595,f
3596,t
3597,f
3598,f
3599,t
3600,t
3601,f
3602,f
3603,f
3604,f
3605,f
3606,f
3607,f
3608,f
3609,t
3610,f
3611,f
3612,f
3613,f
3614,f
3615,t
3616,t
3617,t
3618,f
3619,f
3620,f
3621,f
3622,f
3623,f
3624,f
3625,f
3626,t
3627,f
3628,f
3629,f
3630,f
3631,f
3632,f
3633,f
3634,f
3635,f
3636,f
3637,t
3638,f
3639,f
3640,f
3641,f
3642,t
3643,t
3644,f
3645,f
3646,f
3647,f
3648,f
3649,f
3650,f
3651,f
3652,f
3653,f
3654,f
3655,f
3656,f
3657,f
3658,f
3659,f
3660,f
3661,f
3662,f
3663,f
3664,f
3665,f
3666,f
3667,f
3668,f
3669,f
3670,f
3671,f
3672,f
3673,t
3674,f
3675,f
3676,f
3677,f
3678,f
3679,f
3680,f
3681,f
3682,f
3683,f
3684,f
3685,f
3686,t
3687,f
3688,f
3689,f
3690,t
3691,f
3692,f
3693,f
3694,t
3695,f
3696,f
3697,f
3698,f
3699,f
3700,f
3701,t
3702,f
3703,t
3704,f
3705,t
3706,f
3707,t
3708,t
3709,t
3710,t
3711,f
3712,f
3713,f
3714,f
3715,f
3716,f
3717,f
3718,f
3719,f
3720,f
3721,f
3722,f
3723,f
3724,t
3725,t
3726,t
3727,f
3728,f
3729,f
3730,f
3731,f
3732,f
3733,f
3734,f
3735,f
3736,f
3737,f
3738,f
3739,f
3740,f
3741,f
3742,f
3743,f
3744,f
3745,f
3746,f
3747,f
3748,f
3749,f
3750,f
3751,f
3752,f
3753,f
3754,f
3755,f
3756,f
3757,t
3758,t
3759,f
3760,t
3761,t
3762,t
3763,t
3764,t
3765,t
3766,t
3767,t
3768,t
3769,t
3770,t
3771,t
3772,t
3773,t
3774,t
3775,f
3776,f
3777,f
3778,f
3779,f
3780,f
3781,f
3782,f
3783,f
3784,f
3785,f
3786,f
3787,f
3788,t
3789,f
3790,f
3791,f
3792,f
3793,f
3794,f
3795,f
3796,f
3797,f
3798,f
3799,f
3800,f
3801,f
3802,f
3803,f
3804,f
3805,f
3806,f
3807,f
3808,f
3809,f
3810,f
3811,f
3812,f
3813,f
3814,t
3815,t
3816,t
3817,f
3818,f
3819,f
3820,f
3821,t
3822,t
3823,t
3824,t
3825,t
3826,t
3827,t
3828,t
3829,f
3830,t
3831,f
3832,f
3833,f
3834,f
3835,f
3836,f
3837,f
3838,t
3839,t
3840,f
3841,t
3842,t
3843,f
3844,f
3845,f
3846,f
3847,f
3848,f
3849,f
3850,f
3851,f
3852,f
3853,f
3854,f
3855,f
3856,f
3857,f
3858,t
3859,t
3860,t
3861,t
3862,f
3863,t
3864,f
3865,f
3866,t
3867,t
3868,t
3869,f
3870,f
3871,t
3872,f
3873,f
3874,f
3875,f
3876,f
3877,f
3878,f
3879,f
3880,f
3881,t
3882,f
3883,f
3884,f
3885,f
3886,t
3887,t
3888,f
3889,f
3890,f
3891,f
3892,t
3893,f
3894,f
3895,f
3896,t
3897,t
3898,t
3899,t
3900,f
3901,t
3902,f
3903,t
3904,t
3905,t
3906,t
3907,t
3908,t
3909,f
3910,f
3911,f
3912,f
3913,f
3914,f
3915,f
3916,t
3917,t
3918,f
3919,f
3920,f
3921,f
3922,t
3923,t
3924,f
3925,f
3926,f
3927,f
3928,t
3929,t
3930,f
3931,t
3932,t
3933,t
3934,t
3935,t
3936,t
3937,t
3938,f
3939,t
3940,f
3941,t
3942,t
3943,t
3944,t
3945,t
3946,t
3947,t
3948,f
3949,f
3950,f
3951,t
3952,t
3953,t
3954,t
3955,t
3956,t
3957,t
3958,t
3959,t
3960,t
3961,t
3962,t
3963,t
3964,t
3965,t
3966,t
3967,t
3968,t
3969,f
3970,f
3971,f
3972,f
3973,t
3974,t
3975,f
3976,f
3977,f
3978,f
3979,f
3980,f
3981,f
3982,f
3983,f
3984,f
3985,f
3986,f
3987,f
3988,f
3989,f
3990,f
3991,f
3992,t
3993,t
3994,f
3995,f
3996,f
3997,t
3998,t
3999,f
4000,f
4001,f
4002,f
4003,f
4004,f
4005,f
4006,f
4007,f
4008,f
4009,f
4010,f
4011,f
4012,f
4013,f
4014,f
4015,f
4016,f
4017,f
4018,f
4019,f
4020,f
4021,f
4022,f
4023,f
4024,f
4025,f
4026,f
4027,f
4028,f
4029,f
4030,f
4031,f
4032,f
4033,f
4034,f
4035,f
4036,f
4037,f
4038,f
4039,f
4040,f
4041,f
4042,t
4043,t
4044,t
4045,f
4046,f
4047,t
4048,f
4049,f
4050,f
4051,f
4052,f
4053,f
4054,f
4055,f
4056,f
4057,t
4058,t
4059,f
4060,f
4061,f
4062,f
4063,f
4064,f
4065,f
4066,f
4067,f
4068,f
4069,t
4070,f
4071,f
4072,f
4073,f
4074,f
4075,f
4076,f
4077,f
4078,f
4079,f
4080,f
4081,f
4082,f
4083,f
4084,f
4085,f
4086,f
4087,f
4088,f
4089,f
4090,f
4091,f
4092,f
4093,f
4094,f
4095,t
4096,f
4097,t
4098,f
4099,f
4100,f
4101,f
4102,f
4103,f
4104,f
4105,f
4106,f
4107,f
4108,f
4109,f
4110,f
4111,f
4112,t
4113,f
4114,t
4115,t
4116,t
4117,t
4118,t
4119,f
4120,f
4121,t
4122,t
4123,t
4124,t
4125,f
4126,f
4127,f
4128,f
4129,f
4130,f
4131,f
4132,f
4133,f
4134,f
4135,f
4136,t
4137,t
4138,t
4139,t
4140,t
4141,f
4142,f
4143,f
4144,f
4145,t
4146,t
4147,f
4148,f
4149,f
4150,f
4151,f
4152,f
4153,f
4154,f
4155,f
4156,t
4157,t
4158,f
4159,f
4160,f
4161,t
4162,t
4163,f
4164,f
4165,f
4166,f
4167,f
4168,t
4169,t
4170,t
4171,f
4172,f
4173,f
4174,f
4175,f
4176,f
4177,t
4178,f
4179,t
4180,f
4181,t
4182,f
4183,t
4184,t
4185,f
4186,f
4187,f
4188,f
4189,f
4190,f
4191,f
4192,t
4193,f
4194,f
4195,f
4196,f
4197,f
4198,f
4199,f
4200,f
4201,f
4202,f
4203,f
4204,f
4205,f
4206,f
4207,f
4208,f
4209,f
4210,f
4211,f
4212,f
4213,f
4214,f
4215,f
4216,f
4217,f
4218,f
4219,f
4220,t
4221,t
4222,t
4223,f
4224,f
4225,f
4226,f
4227,f
4228,f
4229,f
4230,f
4231,t
4232,f
4233,t
4234,t
4235,f
4236,t
4237,f
4238,t
4239,t
4240,t
4241,f
4242,f
4243,f
4244,f
4245,f
4246,f
4247,t
4248,t
4249,t
4250,f
4251,t
4252,t
4253,f
4254,f
4255,f
4256,f
4257,f
4258,f
4259,f
4260,t
4261,f
4262,t
4263,t
4264,t
4265,f
4266,t
4267,t
4268,f
4269,f
4270,f
4271,f
4272,f
4273,f
4274,f
4275,f
4276,f
4277,f
4278,f
4279,f
4280,f
4281,f
4282,f
4283,t
4284,t
4285,t
4286,t
4287,t
4288,f
4289,t
4290,f
4291,f
4292,f
4293,f
4294,t
4295,f
4296,f
4297,f
4298,t
4299,f
4300,f
4301,f
4302,f
4303,f
4304,t
4305,f
4306,f
4307,f
4308,f
4309,f
4310,f
4311,f
4312,f
4313,f
4314,f
4315,t
4316,f
4317,f
4318,f
4319,f
4320,f
4321,f
4322,f
4323,f
4324,t
4325,f
4326,t
4327,t
4328,f
4329,t
4330,t
4331,f
4332,f
4333,f
4334,f
4335,t
4336,f
4337,t
4338,t
4339,t
4340,t
4341,t
4342,t
4343,t
4344,t
4345,f
4346,t
4347,f
4348,t
4349,f
4350,f
4351,f
4352,t
4353,f
4354,t
4355,f
4356,t
4357,f
4358,f
4359,f
4360,f
4361,f
4362,f
4363,f
4364,f
4365,f
4366,f
4367,f
4368,f
4369,f
4370,f
4371,f
4372,f
4373,f
4374,f
4375,f
4376,f
4377,f
4378,f
4379,f
4380,f
4381,f
4382,f
4383,f
4384,f
4385,f
4386,f
4387,f
4388,f
4389,f
4390,f
4391,f
4392,t
4393,f
4394,f
4395,f
4396,t
4397,f
4398,t
4399,f
4400,t
4401,f
4402,t
4403,f
4404,t
4405,f
4406,f
4407,t
4408,f
4409,f
4410,f
4411,f
4412,f
4413,f
4414,f
4415,f
4416,f
4417,f
4418,f
4419,f
4420,f
4421,f
4422,f
4423,f
4424,f
4425,f
4426,f
4427,f
4428,f
4429,f
4430,f
4431,f
4432,f
4433,f
4434,f
4435,f
4436,f
4437,f
4438,f
4439,f
4440,f
4441,f
4442,f
4443,f
4444,t
4445,f
4446,t
4447,t
4448,t
4449,t
4450,t
4451,f
4452,f
4453,t
4454,f
4455,f
4456,f
4457,f
4458,f
4459,f
4460,f
4461,f
4462,f
4463,f
4464,f
4465,f
4466,f
4467,f
4468,f
4469,t
4470,t
4471,t
4472,f
4473,f
4474,t
4475,f
4476,t
4477,f
4478,f
4479,f
4480,f
4481,f
4482,f
4483,f
4484,f
4485,f
4486,f
4487,f
4488,f
4489,f
4490,t
4491,f
4492,f
4493,f
4494,t
4495,f
4496,f
4497,f
4498,t
4499,f
4500,f
4501,f
4502,f
4503,f
4504,t
4505,f
4506,f
4507,f
4508,f
4509,f
4510,f
4511,f
4512,t
4513,t
4514,t
4515,f
4516,f
4517,f
4518,f
4519,f
4520,f
4521,f
4522,f
4523,f
4524,f
4525,f
4526,f
4527,f
4528,f
4529,f
4530,f
4531,f
4532,f
4533,f
4534,f
4535,f
4536,f
4537,f
4538,f
4539,f
4540,f
4541,f
4542,f
4543,f
4544,f
4545,f
4546,f
4547,f
4548,f
4549,f
4550,f
4551,f
4552,f
4553,f
4554,f
4555,f
4556,t
4557,t
4558,f
4559,f
4560,f
4561,t
4562,f
4563,t
4564,f
4565,f
4566,f
4567,f
4568,f
4569,f
4570,f
4571,f
4572,f
4573,t
4574,t
4575,t
4576,f
4577,f
4578,t
4579,t
4580,t
4581,t
4582,t
4583,f
4584,t
4585,f
4586,f
4587,f
4588,f
4589,f
4590,t
4591,t
4592,f
4593,f
4594,f
4595,f
4596,f
4597,f
4598,f
4599,f
4600,f
4601,f
4602,f
4603,f
4604,f
4605,f
4606,f
4607,f
4608,f
4609,t
4610,t
4611,f
4612,f
4613,f
4614,f
4615,f
4616,f
4617,f
4618,f
4619,f
4620,f
4621,f
4622,f
4623,f
4624,f
4625,f
4626,f
4627,f
4628,t
4629,f
4630,t
4631,f
4632,t
4633,f
4634,f
4635,t
4636,f
4637,f
4638,t
4639,f
4640,t
4641,f
4642,f
4643,t
4644,t
4645,t
4646,f
4647,f
4648,f
4649,t
4650,f
4651,f
4652,t
4653,f
4654,f
4655,t
4656,t
4657,t
4658,f
4659,f
4660,f
4661,f
4662,f
4663,f
4664,f
4665,t
4666,f
4667,t
4668,f
4669,f
4670,f
4671,t
4672,f
4673,f
4674,f
4675,t
4676,t
4677,f
4678,t
4679,f
4680,f
4681,t
4682,t
4683,f
4684,f
4685,t
4686,f
4687,f
4688,t
4689,t
4690,t
4691,t
4692,f
4693,t
4694,f
4695,f
4696,t
4697,t
4698,t
4699,f
4700,f
4701,t
4702,t
4703,t
4704,t
4705,t
4706,f
4707,t
4708,f
4709,f
4710,f
4711,f
4712,t
4713,t
4714,t
4715,t
4716,t
4717,f
4718,t
4719,f
4720,f
4721,f
4722,f
4723,t
4724,t
4725,f
4726,f
4727,f
4728,f
4729,f
4730,t
4731,f
4732,f
4733,f
4734,t
4735,t
4736,t
4737,f
4738,f
4739,f
4740,f
4741,t
4742,t
4743,f
4744,t
4745,f
4746,f
4747,f
4748,t
4749,t
4750,t
4751,t
4752,t
4753,t
4754,t
4755,t
4756,t
4757,f
4758,f
4759,f
4760,f
4761,f
4762,f
4763,f
4764,f
4765,f
4766,f
4767,f
4768,f
4769,f
4770,f
4771,t
4772,t
4773,t
4774,t
4775,t
4776,t
4777,t
4778,t
4779,t
4780,f
4781,t
4782,f
4783,f
4784,f
4785,f
4786,f
4787,t
4788,f
4789,f
4790,f
4791,t
4792,f
4793,t
4794,t
4795,t
4796,t
4797,t
4798,t
4799,t
4800,t
4801,t
4802,t
4803,t
4804,t
4805,t
4806,t
4807,f
4808,f
4809,t
4810,t
4811,t
4812,t
4813,t
4814,t
4815,f
4816,t
4817,t
4818,t
4819,t
4820,t
4821,t
4822,t
4823,t
4824,t
4825,t
4826,t
4827,t
4828,t
4829,t
4830,t
4831,t
4832,t
4833,t
4834,t
4835,f
4836,f
4837,t
4838,t
4839,t
4840,f
4841,t
4842,f
4843,t
4844,f
4845,f
4846,t
4847,t
4848,t
4849,t
4850,t
4851,t
4852,f
4853,t
4854,t
4855,t
4856,t
4857,t
4858,t
4859,t
4860,t
4861,t
4862,t
4863,t
4864,t
4865,t
4866,t
4867,t
4868,t
4869,t
4870,f
4871,f
4872,f
4873,t
4874,f
4875,f
4876,t
4877,f
4878,f
4879,f
4880,f
4881,f
4882,f
4883,f
4884,f
4885,f
4886,f
4887,f
4888,f
4889,f
4890,f
4891,t
4892,t
4893,t
4894,t
4895,f
4896,f
4897,f
4898,f
4899,f
4900,f
4901,t
4902,t
4903,f
4904,t
4905,t
4906,t
4907,t
4908,f
4909,f
4910,f
4911,f
4912,t
4913,f
4914,f
4915,t
4916,t
4917,t
4918,f
4919,t
4920,t
4921,t
4922,t
4923,t
4924,t
4925,f
4926,t
4927,f
4928,f
4929,f
4930,f
4931,f
4932,f
4933,f
4934,f
4935,f
4936,t
4937,t
4938,t
4939,t
4940,f
4941,t
4942,t
4943,t
4944,t
4945,t
4946,t
4947,t
4948,t
4949,t
4950,t
4951,t
4952,t
4953,t
4954,t
4955,t
4956,t
4957,t
4958,t
4959,t
4960,f
4961,f
4962,t
4963,t
4964,t
4965,t
4966,t
4967,t
4968,f
4969,f
4970,f
4971,f
4972,t
4973,f
4974,f
4975,t
4976,t
4977,t
4978,t
4979,t
4980,t
4981,t
4982,f
4983,t
4984,t
4985,t
4986,t
4987,t
4988,t
4989,t
4990,f
4991,f
4992,f
4993,f
4994,f
4995,f
4996,f
4997,f
4998,f
4999,f
5000,t
5001,t
5002,f
5003,f
5004,t
5005,t
5006,f
5007,f
5008,t
5009,t
5010,t
5011,f
5012,f
5013,t
5014,t
5015,t
5016,t
5017,t
5018,f
5019,f
5020,f
5021,f
5022,f
5023,t
5024,t
5025,t
5026,f
5027,t
5028,t
5029,f
5030,f
5031,f
5032,f
5033,f
5034,f
5035,f
5036,f
5037,f
5038,f
5039,f
5040,f
5041,f
5042,f
5043,f
5044,f
5045,f
5046,f
5047,f
5048,t
5049,t
5050,t
5051,t
5052,t
5053,t
5054,f
5055,t
5056,t
5057,t
5058,f
5059,f
5060,f
5061,f
5062,f
5063,f
5064,f
5065,f
5066,f
5067,f
5068,f
5069,f
5070,f
5071,f
5072,f
5073,f
5074,f
5075,f
5076,t
5077,t
5078,t
5079,f
5080,f
5081,f
5082,f
5083,f
5084,f
5085,f
5086,f
5087,f
5088,f
5089,f
5090,f
5091,f
5092,f
5093,f
5094,f
5095,f
5096,t
5097,t
5098,f
5099,f
5100,f
5101,t
5102,f
5103,f
5104,f
5105,f
5106,f
5107,f
5108,f
5109,f
5110,f
5111,f
5112,f
5113,f
5114,f
5115,f
5116,t
5117,t
5118,f
5119,f
5120,f
5121,f
5122,f
5123,t
5124,t
5125,f
5126,t
5127,t
5128,t
5129,t
5130,t
5131,f
5132,f
5133,t
5134,t
5135,t
5136,t
5137,f
5138,f
5139,f
5140,f
5141,t
5142,f
5143,f
5144,t
5145,t
5146,t
5147,f
5148,f
5149,t
5150,t
5151,t
5152,f
5153,f
5154,t
5155,t
5156,t
5157,t
5158,f
5159,f
5160,f
5161,f
5162,f
5163,f
5164,f
5165,f
5166,f
5167,f
5168,f
5169,f
5170,t
5171,t
5172,f
5173,t
5174,t
5175,t
5176,f
5177,f
5178,f
5179,f
5180,f
5181,f
5182,f
5183,f
5184,f
5185,f
5186,f
5187,f
5188,t
5189,t
5190,t
5191,t
5192,t
5193,f
5194,t
5195,f
5196,t
5197,t
5198,t
5199,t
5200,t
5201,f
5202,f
5203,t
5204,f
5205,f
5206,t
5207,t
5208,f
5209,f
5210,t
5211,f
5212,f
5213,f
5214,f
5215,f
5216,f
5217,f
5218,f
5219,f
5220,f
5221,t
5222,t
5223,f
5224,f
5225,f
5226,f
5227,f
5228,f
5229,f
5230,f
5231,f
5232,f
5233,f
5234,f
5235,f
5236,f
5237,f
5238,f
5239,f
5240,f
5241,f
5242,f
5243,f
5244,f
5245,f
5246,f
5247,f
5248,f
5249,t
5250,f
5251,f
5252,t
5253,f
5254,f
5255,f
5256,f
5257,f
5258,f
5259,f
5260,f
5261,f
5262,t
5263,t
5264,t
5265,f
5266,f
5267,f
5268,f
5269,t
5270,f
5271,f
5272,t
5273,f
5274,f
5275,f
5276,t
5277,t
5278,t
5279,t
5280,t
5281,t
5282,f
5283,f
5284,f
5285,f
5286,f
5287,t
5288,t
5289,f
5290,f
5291,f
5292,f
5293,f
5294,f
5295,f
5296,f
5297,f
5298,f
5299,f
5300,f
5301,f
5302,t
5303,t
5304,t
5305,t
5306,t
5307,t
5308,t
5309,t
5310,t
5311,t
5312,f
5313,t
5314,t
5315,t
5316,t
5317,f
5318,t
5319,f
5320,t
5321,f
5322,f
5323,f
5324,f
5325,f
5326,f
5327,f
5328,t
5329,t
5330,t
5331,f
5332,f
5333,t
5334,f
5335,t
5336,t
5337,t
5338,f
5339,t
5340,t
5341,t
5342,t
5343,t
5344,t
5345,t
5346,t
5347,t
5348,t
5349,t
5350,t
5351,f
5352,f
5353,t
5354,t
5355,f
5356,t
5357,f
5358,f
5359,f
5360,f
5361,t
5362,f
5363,f
5364,f
5365,f
5366,f
5367,f
5368,f
5369,f
5370,f
5371,f
5372,f
5373,f
5374,f
5375,f
5376,f
5377,f
5378,f
5379,f
5380,t
5381,t
5382,f
5383,f
5384,f
5385,f
5386,f
5387,f
5388,f
5389,f
5390,f
5391,f
5392,f
5393,t
5394,f
5395,f
5396,t
5397,t
5398,f
5399,f
5400,t
5401,f
5402,f
5403,f
5404,f
5405,f
5406,f
5407,f
5408,t
5409,f
5410,t
5411,t
5412,f
5413,f
5414,t
5415,t
5416,t
5417,t
5418,f
5419,t
5420,t
5421,f
5422,f
5423,t
5424,t
5425,f
5426,f
5427,f
5428,f
5429,f
5430,f
5431,f
5432,f
5433,f
5434,f
5435,f
5436,f
5437,f
5438,f
5439,f
5440,f
5441,f
5442,f
5443,f
5444,t
5445,t
5446,t
5447,f
5448,t
5449,f
5450,t
5451,t
5452,t
5453,t
5454,f
5455,t
5456,t
5457,f
5458,t
5459,t
5460,t
5461,t
5462,f
5463,t
5464,f
5465,f
5466,t
5467,t
5468,t
5469,f
5470,f
5471,t
5472,f
5473,t
5474,t
5475,t
5476,t
5477,t
5478,t
5479,f
5480,f
5481,f
5482,f
5483,f
5484,f
5485,f
5486,f
5487,f
5488,f
5489,f
5490,f
5491,f
5492,t
5493,f
5494,f
5495,f
5496,f
5497,f
5498,f
5499,f
5500,f
5501,f
5502,f
5503,t
5504,f
5505,t
5506,t
5507,f
5508,t
5509,t
5510,f
5511,f
5512,f
5513,f
5514,f
5515,f
5516,f
5517,t
5518,f
5519,t
5520,t
5521,t
5522,t
5523,f
5524,t
5525,f
5526,f
5527,t
5528,t
5529,t
5530,t
5531,t
5532,t
5533,f
5534,f
5535,f
5536,f
5537,f
5538,t
5539,f
5540,f
5541,f
5542,f
5543,f
5544,f
5545,t
5546,f
5547,f
5548,f
5549,f
5550,f
5551,t
5552,f
5553,f
5554,f
5555,f
5556,f
5557,f
5558,f
5559,t
5560,t
5561,t
5562,t
5563,t
5564,f
5565,f
5566,f
5567,t
5568,f
5569,t
5570,f
5571,f
5572,t
5573,f
5574,t
5575,t
5576,f
5577,t
5578,f
5579,f
5580,t
5581,t
5582,t
5583,t
5584,t
5585,t
5586,f
5587,t
5588,f
5589,f
5590,f
5591,f
5592,t
5593,f
5594,f
5595,f
5596,f
5597,t
5598,t
5599,f
5600,t
5601,t
5602,t
5603,t
5604,t
5605,t
5606,t
5607,t
5608,t
5609,f
5610,f
5611,t
5612,f
5613,f
5614,f
5615,f
5616,f
5617,f
5618,f
5619,f
5620,f
5621,t
5622,t
5623,f
5624,f
5625,t
5626,t
5627,f
5628,t
5629,t
5630,t
5631,f
5632,f
5633,t
5634,t
5635,t
5636,f
5637,t
5638,t
5639,f
5640,f
5641,f
5642,t
5643,t
5644,f
5645,f
5646,f
5647,t
5648,t
5649,f
5650,t
5651,t
5652,t
5653,t
5654,t
5655,f
5656,f
5657,t
5658,t
5659,f
5660,f
5661,f
5662,f
5663,f
5664,f
5665,f
5666,f
5667,f
5668,f
5669,f
5670,f
5671,f
5672,f
5673,t
5674,f
5675,t
5676,f
5677,t
5678,f
5679,f
5680,t
5681,f
5682,t
5683,t
5684,t
5685,t
5686,f
5687,f
5688,t
5689,t
5690,f
5691,f
5692,f
5693,f
5694,f
5695,f
5696,f
5697,f
5698,f
5699,f
5700,t
5701,t
5702,t
5703,t
5704,t
5705,t
5706,t
5707,t
5708,f
5709,t
5710,f
5711,t
5712,t
5713,t
5714,t
5715,t
5716,f
5717,t
5718,t
5719,f
5720,f
5721,t
5722,f
5723,f
5724,f
5725,f
5726,f
5727,f
5728,f
5729,t
5730,f
5731,f
5732,f
5733,t
5734,f
5735,f
5736,f
5737,f
5738,f
5739,f
5740,f
5741,f
5742,f
5743,f
5744,t
5745,t
5746,f
5747,t
5748,t
5749,f
5750,t
5751,f
5752,t
5753,t
5754,t
5755,t
5756,t
5757,t
5758,t
5759,t
5760,t
5761,t
5762,t
5763,t
5764,t
5765,t
5766,f
5767,t
5768,t
5769,t
5770,f
5771,f
5772,f
5773,f
5774,f
5775,f
5776,f
5777,f
5778,f
5779,f
5780,t
5781,f
5782,f
5783,f
5784,f
5785,t
5786,f
5787,t
5788,f
5789,t
5790,t
5791,f
5792,t
5793,f
5794,t
5795,t
5796,f
5797,t
5798,t
5799,t
5800,t
5801,t
5802,t
5803,t
5804,t
5805,t
5806,t
5807,f
5808,t
5809,f
5810,f
5811,f
5812,f
5813,f
5814,t
5815,t
5816,t
5817,t
5818,t
5819,t
5820,f
5821,t
5822,t
5823,t
5824,t
5825,t
5826,t
5827,t
5828,t
5829,f
5830,f
5831,t
5832,t
5833,t
5834,t
5835,t
5836,t
5837,t
5838,t
5839,t
5840,t
5841,t
5842,t
5843,t
5844,t
5845,t
5846,t
5847,f
5848,f
5849,t
5850,t
5851,t
5852,t
5853,t
5854,f
5855,t
5856,f
5857,t
5858,t
5859,f
5860,f
5861,f
5862,f
5863,f
5864,t
5865,f
5866,f
5867,f
5868,f
5869,f
5870,f
5871,f
5872,t
5873,f
5874,f
5875,f
5876,f
5877,f
5878,f
5879,f
5880,f
5881,f
5882,f
5883,t
5884,f
5885,t
5886,t
5887,f
5888,f
5889,t
5890,f
5891,f
5892,f
5893,f
5894,f
5895,f
5896,f
5897,f
5898,f
5899,t
5900,t
5901,t
5902,f
5903,t
5904,f
5905,t
5906,t
5907,f
5908,t
5909,f
5910,f
5911,f
5912,f
5913,t
5914,t
5915,t
5916,f
5917,f
5918,f
5919,f
5920,t
5921,f
5922,t
5923,t
5924,t
5925,t
5926,t
5927,f
5928,f
5929,t
5930,t
5931,t
5932,f
5933,f
5934,f
5935,f
5936,f
5937,f
5938,f
5939,f
5940,f
5941,t
5942,f
5943,f
5944,f
5945,f
5946,t
5947,f
5948,t
5949,t
5950,t
5951,t
5952,t
5953,t
5954,f
5955,f
5956,f
5957,f
5958,f
5959,f
5960,f
5961,f
5962,f
5963,f
5964,f
5965,t
5966,t
5967,f
5968,f
5969,f
5970,f
5971,f
5972,t
5973,t
5974,t
5975,f
5976,f
5977,f
5978,t
5979,f
5980,t
5981,f
5982,f
5983,f
5984,f
5985,t
5986,f
5987,t
5988,f
5989,f
5990,t
5991,f
5992,f
5993,f
5994,f
5995,f
5996,f
5997,f
5998,f
5999,f
6000,f
6001,f
6002,f
6003,f
6004,f
6005,f
6006,f
6007,f
6008,f
6009,f
6010,f
6011,t
6012,f
6013,f
6014,f
6015,f
6016,t
6017,f
6018,f
6019,f
6020,f
6021,f
6022,f
6023,f
6024,f
6025,f
6026,f
6027,f
6028,f
6029,t
6030,t
6031,f
6032,t
6033,f
6034,f
6035,f
6036,t
6037,t
6038,f
6039,f
6040,f
6041,t
6042,t
6043,t
6044,t
6045,f
6046,f
6047,f
6048,f
6049,f
6050,f
6051,f
6052,f
6053,f
6054,f
6055,f
6056,f
6057,f
6058,f
6059,f
6060,f
6061,t
6062,t
6063,t
6064,t
6065,t
6066,t
6067,f
6068,t
6069,f
6070,f
6071,t
6072,t
6073,f
6074,t
6075,t
6076,t
6077,f
6078,t
6079,f
6080,f
6081,t
6082,t
6083,f
6084,f
6085,t
6086,t
6087,t
6088,t
6089,f
6090,t
6091,t
6092,t
6093,t
6094,t
6095,t
6096,f
6097,t
6098,f
6099,t
6100,t
6101,f
6102,f
6103,t
6104,f
6105,f
6106,f
6107,f
6108,f
6109,t
6110,t
6111,f
6112,t
6113,f
6114,f
6115,f
6116,f
6117,f
6118,t
6119,f
6120,t
6121,f
6122,f
6123,t
6124,f
6125,f
6126,t
6127,f
6128,f
6129,f
6130,f
6131,f
6132,f
6133,f
6134,f
6135,f
6136,f
6137,f
6138,f
6139,f
6140,f
6141,f
6142,t
6143,f
6144,t
6145,f
6146,f
6147,t
6148,t
6149,t
6150,t
6151,t
6152,t
6153,t
6154,f
6155,t
6156,t
6157,t
6158,t
6159,t
6160,f
6161,t
6162,t
6163,t
6164,t
6165,t
6166,t
6167,t
6168,t
6169,t
6170,t
6171,f
6172,t
6173,f
6174,t
6175,f
6176,t
6177,t
6178,t
6179,f
6180,f
6181,f
6182,t
6183,t
6184,f
6185,t
6186,f
6187,t
6188,f
6189,f
6190,f
6191,f
6192,f
6193,f
6194,f
6195,f
6196,f
6197,f
6198,f
6199,f
6200,f
6201,f
6202,f
6203,f
6204,t
6205,f
6206,f
6207,f
6208,f
6209,f
6210,f
6211,f
6212,f
6213,f
6214,t
6215,t
6216,f
6217,f
6218,f
6219,f
6220,t
6221,f
6222,t
6223,f
6224,f
6225,f
6226,f
6227,f
6228,f
6229,f
6230,f
6231,f
6232,f
6233,f
6234,f
6235,f
6236,t
6237,f
6238,f
6239,f
6240,f
6241,f
6242,f
6243,f
6244,t
6245,t
6246,t
6247,t
6248,f
6249,f
6250,t
6251,f
6252,t
6253,f
6254,t
6255,f
6256,f
6257,t
6258,t
6259,f
6260,f
6261,t
6262,f
6263,t
6264,f
6265,t
6266,f
6267,f
6268,f
6269,f
6270,t
6271,f
6272,f
6273,f
6274,f
6275,f
6276,t
6277,t
6278,f
6279,f
6280,f
6281,f
6282,f
6283,t
6284,f
6285,t
6286,t
6287,t
6288,t
6289,f
6290,t
6291,f
6292,f
6293,f
6294,f
6295,f
6296,f
6297,t
6298,t
6299,t
6300,f
6301,t
6302,f
6303,f
6304,f
6305,t
6306,f
6307,t
6308,f
6309,f
6310,f
6311,f
6312,t
6313,t
6314,t
6315,t
6316,f
6317,f
6318,f
6319,f
6320,f
6321,f
6322,f
6323,f
6324,t
6325,t
6326,f
6327,f
6328,t
6329,t
6330,f
6331,f
6332,f
6333,f
6334,f
6335,t
6336,f
6337,t
6338,f
6339,f
6340,t
6341,f
6342,f
6343,t
6344,t
6345,t
6346,t
6347,t
6348,t
6349,t
6350,t
6351,f
6352,f
6353,f
6354,t
6355,t
6356,f
6357,f
6358,f
6359,f
6360,f
6361,f
6362,f
6363,t
6364,t
6365,f
6366,f
6367,f
6368,f
6369,f
6370,f
6371,f
6372,f
6373,f
6374,t
6375,f
6376,f
6377,f
6378,f
6379,f
6380,f
6381,f
6382,f
6383,f
6384,t
6385,t
6386,t
6387,t
6388,t
6389,t
6390,t
6391,t
6392,f
6393,f
6394,f
6395,f
6396,f
6397,f
6398,f
6399,f
6400,f
6401,t
6402,t
6403,f
6404,f
6405,f
6406,f
6407,f
6408,f
6409,f
6410,t
6411,f
6412,t
6413,t
6414,f
6415,t
6416,f
6417,t
6418,f
6419,f
6420,t
6421,f
6422,t
6423,f
6424,t
6425,t
6426,f
6427,f
6428,f
6429,t
6430,f
6431,f
6432,f
6433,t
6434,f
6435,t
6436,f
6437,f
6438,t
6439,t
6440,f
6441,f
6442,t
6443,t
6444,f
6445,f
6446,f
6447,f
6448,f
6449,t
6450,t
6451,t
6452,t
6453,t
6454,t
6455,f
6456,t
6457,f
6458,f
6459,f
6460,t
6461,t
6462,f
6463,f
6464,f
6465,f
6466,f
6467,f
6468,f
6469,f
6470,f
6471,f
6472,t
6473,f
6474,f
6475,t
6476,f
6477,t
6478,t
6479,t
6480,f
6481,t
6482,t
6483,f
6484,t
6485,t
6486,t
6487,t
6488,t
6489,f
6490,t
6491,t
6492,t
6493,t
6494,f
6495,f
6496,t
6497,t
6498,f
6499,f
6500,t
6501,t
6502,f
6503,f
6504,f
6505,f
6506,t
6507,t
6508,f
6509,f
6510,f
6511,f
6512,f
6513,t
6514,f
6515,f
6516,f
6517,f
6518,f
6519,f
6520,f
6521,f
6522,f
6523,f
6524,f
6525,f
6526,f
6527,t
6528,t
6529,f
6530,f
6531,t
6532,t
6533,t
6534,t
6535,t
6536,t
6537,t
6538,f
6539,f
6540,f
6541,f
6542,f
6543,f
6544,f
6545,f
6546,f
6547,t
6548,t
6549,t
6550,t
6551,t
6552,t
6553,t
6554,f
6555,f
6556,f
6557,f
6558,f
6559,f
6560,f
6561,f
6562,f
6563,f
6564,t
6565,f
6566,f
6567,t
6568,t
6569,t
6570,t
6571,f
6572,t
6573,f
6574,f
6575,f
6576,f
6577,f
6578,f
6579,f
6580,f
6581,t
6582,t
6583,t
6584,f
6585,t
6586,t
6587,t
6588,t
6589,f
6590,t
6591,t
6592,t
6593,t
6594,t
6595,f
6596,f
6597,f
6598,f
6599,f
6600,f
6601,t
6602,t
6603,f
6604,f
6605,f
6606,f
6607,f
6608,f
6609,f
6610,t
6611,f
6612,f
6613,f
6614,f
6615,t
6616,f
6617,f
6618,f
6619,f
6620,f
6621,f
6622,t
6623,t
6624,f
6625,f
6626,f
6627,f
6628,f
6629,f
6630,f
6631,f
6632,f
6633,f
6634,f
6635,f
6636,f
6637,f
6638,t
6639,f
6640,f
6641,t
6642,f
6643,f
6644,f
6645,t
6646,f
6647,t
6648,f
6649,f
6650,f
6651,f
6652,f
6653,f
6654,f
6655,f
6656,f
6657,t
6658,f
6659,f
6660,f
6661,t
6662,f
6663,f
6664,t
6665,t
6666,f
6667,f
6668,f
6669,f
6670,f
6671,f
6672,t
6673,t
6674,t
6675,t
6676,t
6677,t
6678,t
6679,f
6680,f
6681,f
6682,t
6683,t
6684,t
6685,f
6686,f
6687,f
6688,t
6689,f
6690,f
6691,t
6692,f
6693,f
6694,f
6695,f
6696,f
6697,f
6698,f
6699,f
6700,f
6701,f
6702,f
6703,f
6704,f
6705,f
6706,f
6707,f
6708,f
6709,f
6710,f
6711,f
6712,t
6713,f
6714,t
6715,f
6716,t
6717,t
6718,f
6719,t
6720,f
6721,f
6722,t
6723,f
6724,f
6725,f
6726,f
6727,t
6728,t
6729,t
6730,f
6731,t
6732,t
6733,t
6734,t
6735,f
6736,f
6737,f
6738,f
6739,f
6740,t
6741,t
6742,t
6743,f
6744,f
6745,f
6746,f
6747,t
6748,t
6749,t
6750,t
6751,f
6752,f
6753,f
6754,t
6755,f
6756,t
6757,t
6758,t
6759,t
6760,t
6761,t
6762,t
6763,t
6764,t
6765,t
6766,t
6767,t
6768,t
6769,t
6770,t
6771,t
6772,t
6773,f
6774,t
6775,f
6776,f
6777,f
6778,t
6779,t
6780,f
6781,f
6782,f
6783,f
6784,f
6785,f
6786,f
6787,f
6788,f
6789,f
6790,f
6791,t
6792,f
6793,f
6794,f
6795,f
6796,f
6797,f
6798,t
6799,f
6800,f
6801,f
6802,f
6803,t
6804,t
6805,t
6806,t
6807,t
6808,t
6809,t
6810,t
6811,t
6812,t
6813,f
6814,t
6815,t
6816,t
6817,f
6818,f
6819,f
6820,f
6821,f
6822,t
6823,t
6824,f
6825,t
6826,t
6827,t
6828,t
6829,f
6830,t
6831,t
6832,t
6833,f
6834,f
6835,t
6836,f
6837,f
6838,t
6839,t
6840,t
6841,f
6842,t
6843,t
6844,f
6845,f
6846,f
6847,f
6848,f
6849,t
6850,t
6851,t
6852,f
6853,f
6854,f
6855,f
6856,f
6857,t
6858,f
6859,f
6860,t
6861,t
6862,t
6863,f
6864,t
6865,f
6866,f
6867,t
6868,t
6869,t
6870,f
6871,t
6872,t
6873,t
6874,f
6875,f
6876,f
6877,f
6878,f
6879,f
6880,f
6881,f
6882,f
6883,t
6884,t
6885,t
6886,t
6887,t
6888,t
6889,f
6890,f
6891,f
6892,t
6893,f
6894,t
6895,t
6896,f
6897,t
6898,t
6899,t
6900,f
6901,t
6902,t
6903,t
6904,t
6905,f
6906,t
6907,t
6908,f
6909,f
6910,f
6911,f
6912,f
6913,f
6914,f
6915,f
6916,t
6917,t
6918,t
6919,t
6920,f
6921,t
6922,t
6923,t
6924,f
6925,f
6926,t
6927,f
6928,f
6929,f
6930,f
6931,f
6932,t
6933,t
6934,t
6935,f
6936,f
6937,t
6938,t
6939,t
6940,t
6941,f
6942,f
6943,t
6944,t
6945,t
6946,t
6947,f
6948,f
6949,f
6950,f
6951,t
6952,f
6953,t
6954,f
6955,t
6956,f
6957,f
6958,f
6959,f
6960,f
6961,f
6962,t
6963,f
6964,f
6965,t
6966,f
6967,f
6968,f
6969,f
6970,t
6971,t
6972,t
6973,t
6974,t
6975,f
6976,t
6977,t
6978,t
6979,t
6980,t
6981,t
6982,t
6983,t
6984,t
6985,f
6986,f
6987,f
6988,f
6989,t
6990,t
6991,t
6992,f
6993,f
6994,f
6995,f
6996,f
6997,f
6998,f
6999,f
7000,f
7001,f
7002,f
7003,f
7004,f
7005,f
7006,f
7007,f
7008,t
7009,f
7010,f
7011,f
7012,f
7013,f
7014,f
7015,f
7016,f
7017,f
7018,f
7019,t
7020,t
7021,f
7022,t
7023,f
7024,f
7025,f
7026,t
7027,t
7028,t
7029,t
7030,t
7031,f
7032,f
7033,f
7034,f
7035,t
7036,f
7037,t
7038,f
7039,t
7040,t
7041,t
7042,t
7043,t
7044,f
7045,f
7046,f
7047,t
7048,t
7049,t
7050,t
7051,f
7052,f
7053,f
7054,t
7055,t
7056,f
7057,f
7058,t
7059,f
7060,f
7061,f
7062,t
7063,f
7064,t
7065,f
7066,f
7067,f
7068,f
7069,f
7070,f
7071,t
7072,t
7073,f
7074,f
7075,f
7076,f
7077,f
7078,f
7079,t
7080,f
7081,f
7082,t
7083,t
7084,t
7085,t
7086,t
7087,f
7088,f
7089,f
7090,t
7091,t
7092,t
7093,t
7094,f
7095,t
7096,t
7097,t
7098,t
7099,t
7100,t
7101,t
7102,t
7103,t
7104,t
7105,t
7106,f
7107,f
7108,t
7109,t
7110,f
7111,t
7112,f
7113,t
7114,f
7115,t
7116,t
7117,t
7118,t
7119,f
7120,t
7121,f
7122,t
7123,f
7124,f
7125,f
7126,t
7127,f
7128,f
7129,f
7130,f
7131,t
7132,f
7133,t
7134,f
7135,t
7136,f
7137,t
7138,t
7139,t
7140,f
7141,f
7142,f
7143,f
7144,t
7145,t
7146,t
7147,t
7148,t
7149,t
7150,f
7151,t
7152,f
7153,f
7154,f
7155,f
7156,t
7157,t
7158,t
7159,t
7160,t
7161,t
7162,f
7163,f
7164,t
7165,t
7166,f
7167,t
7168,f
7169,f
7170,t
7171,f
7172,f
7173,f
7174,f
7175,f
7176,f
7177,f
7178,f
7179,t
7180,f
7181,f
7182,t
7183,t
7184,f
7185,f
7186,f
7187,t
7188,t
7189,t
7190,f
7191,f
7192,f
7193,f
7194,t
7195,t
7196,t
7197,f
7198,f
7199,f
7200,f
7201,t
7202,f
7203,t
7204,t
7205,t
7206,t
7207,f
7208,t
7209,t
7210,t
7211,t
7212,f
7213,t
7214,f
7215,t
7216,t
7217,t
7218,t
7219,t
7220,t
7221,t
7222,t
7223,t
7224,f
7225,t
7226,t
7227,f
7228,f
7229,t
7230,f
7231,t
7232,f
7233,f
7234,f
7235,t
7236,t
7237,t
7238,t
7239,f
7240,t
7241,t
7242,t
7243,t
7244,f
7245,f
7246,f
7247,f
7248,t
7249,f
7250,f
7251,f
7252,t
7253,f
7254,f
7255,f
7256,t
7257,f
7258,t
7259,f
7260,f
7261,t
7262,t
7263,t
7264,t
7265,t
7266,t
7267,t
7268,f
7269,t
7270,f
7271,f
7272,t
7273,t
7274,f
7275,f
7276,t
7277,f
7278,f
7279,t
7280,t
7281,t
7282,f
7283,f
7284,t
7285,t
7286,t
7287,t
7288,t
7289,t
7290,t
7291,t
7292,t
7293,t
7294,t
7295,t
7296,t
7297,t
7298,t
7299,t
7300,t
7301,t
7302,t
7303,t
7304,t
7305,t
7306,t
7307,t
7308,f
7309,t
7310,t
7311,t
7312,t
7313,f
7314,t
7315,t
7316,t
7317,t
7318,t
7319,t
7320,t
7321,t
7322,t
7323,t
7324,t
7325,t
7326,t
7327,t
7328,t
7329,t
7330,t
7331,t
7332,t
7333,t
7334,t
7335,f
7336,t
7337,t
7338,t
7339,t
7340,t
7341,t
7342,t
7343,f
